funOTUID	Kindom	Phylum	Class	Order	Family	Genus	Species
funOTU_1	Fungi	Unassigned	Unassigned	Unassigned	Unassigned	Unassigned	Unassigned
funOTU_14	Fungi	Unassigned	Unassigned	Unassigned	Unassigned	Unassigned	Unassigned
funOTU_11	Fungi	Unassigned	Unassigned	Unassigned	Unassigned	Unassigned	Unassigned
funOTU_25	Fungi	Basidiomycota	Tremellomycetes	Holtermanniales	Holtermanniales_fam_Incertae_sedis	Holtermanniella	Holtermanniella_takashimae_SH526070.07FU
funOTU_19	Fungi	Ascomycota	Sordariomycetes	Hypocreales	Stachybotryaceae	Unassigned	Unassigned
funOTU_17	Fungi	Ascomycota	Sordariomycetes	Hypocreales	Hypocreales_fam_Incertae_sedis	Acremonium	Acremonium_dichromosporum_SH217330.07FU
funOTU_36	Fungi	Unassigned	Unassigned	Unassigned	Unassigned	Unassigned	Unassigned
funOTU_20	Fungi	Ascomycota	Dothideomycetes	Pleosporales	Phaeosphaeriaceae	Unassigned	Unassigned
funOTU_37	Fungi	Unassigned	Unassigned	Unassigned	Unassigned	Unassigned	Unassigned
funOTU_28	Fungi	Ascomycota	Sordariomycetes	Sordariales	Chaetomiaceae	Chaetomium	Chaetomium_erectum_SH195308.07FU
funOTU_30	Fungi	Ascomycota	Leotiomycetes	Helotiales	Unassigned	Unassigned	Unassigned
funOTU_21	Fungi	Ascomycota	Sordariomycetes	Hypocreales	Nectriaceae	Unassigned	Unassigned
funOTU_9	Fungi	Ascomycota	Sordariomycetes	Hypocreales	Nectriaceae	Gibberella	Gibberella_fujikuroi_SH631251.07FU
funOTU_29	Fungi	Ascomycota	Eurotiomycetes	Chaetothyriales	Herpotrichiellaceae	Unassigned	Unassigned
funOTU_13	Fungi	Unassigned	Unassigned	Unassigned	Unassigned	Unassigned	Unassigned
funOTU_42	Fungi	Unassigned	Unassigned	Unassigned	Unassigned	Unassigned	Unassigned
funOTU_22	Fungi	Mortierellomycota	Mortierellomycetes	Mortierellales	Mortierellaceae	Mortierella	Unassigned
funOTU_41	Fungi	Ascomycota	Sordariomycetes	Sordariales	Unassigned	Unassigned	Unassigned
funOTU_35	Fungi	Ascomycota	Dothideomycetes	Unassigned	Unassigned	Unassigned	Unassigned
funOTU_18	Fungi	Unassigned	Unassigned	Unassigned	Unassigned	Unassigned	Unassigned
funOTU_38	Fungi	Unassigned	Unassigned	Unassigned	Unassigned	Unassigned	Unassigned
funOTU_12	Fungi	Ascomycota	Unassigned	Unassigned	Unassigned	Unassigned	Unassigned
funOTU_5	Fungi	Unassigned	Unassigned	Unassigned	Unassigned	Unassigned	Unassigned
funOTU_4	Fungi	Ascomycota	Sordariomycetes	Hypocreales	Hypocreales_fam_Incertae_sedis	Unassigned	Unassigned
funOTU_27	Fungi	Ascomycota	Eurotiomycetes	Eurotiales	Trichocomaceae	Talaromyces	Talaromyces_purpureogenus_SH209381.07FU
funOTU_7	Fungi	Ascomycota	Leotiomycetes	Leotiomycetes_ord_Incertae_sedis	Leotiomycetes_fam_Incertae_sedis	Scytalidium	Scytalidium_circinatum_SH218618.07FU
funOTU_26	Fungi	Ascomycota	Sordariomycetes	Hypocreales	Clavicipitaceae	Unassigned	Unassigned
funOTU_3	Fungi	Unassigned	Unassigned	Unassigned	Unassigned	Unassigned	Unassigned
funOTU_32	Fungi	Unassigned	Unassigned	Unassigned	Unassigned	Unassigned	Unassigned
funOTU_44	Fungi	Ascomycota	Eurotiomycetes	Eurotiales	Aspergillaceae	Penicillium	Unassigned
funOTU_23	Fungi	Mortierellomycota	Mortierellomycetes	Mortierellales	Unassigned	Unassigned	Unassigned
funOTU_34	Fungi	Ascomycota	Leotiomycetes	Helotiales	Myxotrichaceae	Oidiodendron	Oidiodendron_cereale_SH217010.07FU
funOTU_45	Fungi	Ascomycota	Dothideomycetes	Pleosporales	Pleosporaceae	Bipolaris	Unassigned
funOTU_50	Fungi	Ascomycota	Sordariomycetes	Sordariales	Chaetomiaceae	Unassigned	Unassigned
funOTU_47	Fungi	Ascomycota	Sordariomycetes	Sordariales	Chaetomiaceae	Unassigned	Unassigned
funOTU_51	Fungi	Mortierellomycota	Mortierellomycetes	Mortierellales	Mortierellaceae	Mortierella	Mortierella_alpina_SH183636.07FU
funOTU_48	Fungi	Ascomycota	Sordariomycetes	Hypocreales	Bionectriaceae	Unassigned	Unassigned
funOTU_67	Fungi	Unassigned	Unassigned	Unassigned	Unassigned	Unassigned	Unassigned
funOTU_55	Fungi	Ascomycota	Sordariomycetes	Magnaporthales	Magnaporthaceae	Unassigned	Unassigned
funOTU_58	Fungi	Unassigned	Unassigned	Unassigned	Unassigned	Unassigned	Unassigned
funOTU_64	Fungi	Ascomycota	Unassigned	Unassigned	Unassigned	Unassigned	Unassigned
funOTU_63	Fungi	Ascomycota	Dothideomycetes	Pleosporales	Pleosporaceae	Edenia	Edenia_gomezpompae_SH188231.07FU
funOTU_53	Fungi	Ascomycota	Leotiomycetes	Helotiales	Unassigned	Unassigned	Unassigned
funOTU_62	Fungi	Unassigned	Unassigned	Unassigned	Unassigned	Unassigned	Unassigned
funOTU_65	Fungi	Unassigned	Unassigned	Unassigned	Unassigned	Unassigned	Unassigned
funOTU_46	Fungi	Ascomycota	Sordariomycetes	Unassigned	Unassigned	Unassigned	Unassigned
funOTU_80	Fungi	Ascomycota	Sordariomycetes	Myrmecridiales	Myrmecridiaceae	Myrmecridium	Unassigned
funOTU_61	Fungi	Ascomycota	Eurotiomycetes	Eurotiales	Aspergillaceae	Penicillium	Unassigned
funOTU_75	Fungi	Ascomycota	Sordariomycetes	Sordariales	Unassigned	Unassigned	Unassigned
funOTU_76	Fungi	Mucoromycota	Mucoromycetes	Mucorales	Rhizopodaceae	Rhizopus	Unassigned
funOTU_54	Fungi	Unassigned	Unassigned	Unassigned	Unassigned	Unassigned	Unassigned
funOTU_49	Fungi	Olpidiomycota	Olpidiomycetes	Olpidiales	Unassigned	Unassigned	Unassigned
funOTU_73	Fungi	Basidiomycota	Agaricomycetes	Agaricales	Strophariaceae	Unassigned	Unassigned
funOTU_71	Fungi	Basidiomycota	Agaricomycetes	Agaricales	Unassigned	Unassigned	Unassigned
funOTU_92	Fungi	Ascomycota	Sordariomycetes	Sordariales	Unassigned	Unassigned	Unassigned
funOTU_79	Fungi	Ascomycota	Sordariomycetes	Hypocreales	Hypocreaceae	Trichoderma	Unassigned
funOTU_72	Fungi	Ascomycota	Eurotiomycetes	Eurotiales	Aspergillaceae	Penicillium	Unassigned
funOTU_86	Fungi	Basidiomycota	Agaricomycetes	Cantharellales	Cantharellales_fam_Incertae_sedis	Minimedusa	Minimedusa_polyspora_SH545231.07FU
funOTU_85	Fungi	Unassigned	Unassigned	Unassigned	Unassigned	Unassigned	Unassigned
funOTU_77	Fungi	Unassigned	Unassigned	Unassigned	Unassigned	Unassigned	Unassigned
funOTU_89	Fungi	Unassigned	Unassigned	Unassigned	Unassigned	Unassigned	Unassigned
funOTU_84	Fungi	Unassigned	Unassigned	Unassigned	Unassigned	Unassigned	Unassigned
funOTU_70	Fungi	Unassigned	Unassigned	Unassigned	Unassigned	Unassigned	Unassigned
funOTU_94	Fungi	Unassigned	Unassigned	Unassigned	Unassigned	Unassigned	Unassigned
funOTU_88	Fungi	Unassigned	Unassigned	Unassigned	Unassigned	Unassigned	Unassigned
funOTU_83	Fungi	Ascomycota	Unassigned	Unassigned	Unassigned	Unassigned	Unassigned
funOTU_96	Fungi	Ascomycota	Sordariomycetes	Hypocreales	Stachybotryaceae	Myrothecium	Unassigned
funOTU_100	Fungi	Ascomycota	Sordariomycetes	Hypocreales	Hypocreales_fam_Incertae_sedis	Acremonium	Acremonium_implicatum_SH210205.07FU
funOTU_97	Fungi	Ascomycota	Dothideomycetes	Pleosporales	Lentitheciaceae	Poaceascoma	Poaceascoma_helicoides_SH211391.07FU
funOTU_95	Fungi	Ascomycota	Sordariomycetes	Hypocreales	Hypocreaceae	Trichoderma	Unassigned
funOTU_106	Fungi	Unassigned	Unassigned	Unassigned	Unassigned	Unassigned	Unassigned
funOTU_108	Fungi	Ascomycota	Saccharomycetes	Unassigned	Unassigned	Unassigned	Unassigned
funOTU_102	Fungi	Ascomycota	Eurotiomycetes	Chaetothyriales	Herpotrichiellaceae	Exophiala	Unassigned
funOTU_105	Fungi	Unassigned	Unassigned	Unassigned	Unassigned	Unassigned	Unassigned
funOTU_109	Fungi	Ascomycota	Unassigned	Unassigned	Unassigned	Unassigned	Unassigned
funOTU_110	Fungi	Ascomycota	Sordariomycetes	Sordariales	Sordariaceae	Unassigned	Unassigned
funOTU_107	Fungi	Ascomycota	Sordariomycetes	Melanosporales	Melanosporaceae	Melanospora	Unassigned
funOTU_104	Fungi	Unassigned	Unassigned	Unassigned	Unassigned	Unassigned	Unassigned
funOTU_115	Fungi	Ascomycota	Sordariomycetes	Hypocreales	Unassigned	Unassigned	Unassigned
funOTU_123	Fungi	Ascomycota	Dothideomycetes	Pleosporales	Phaeosphaeriaceae	Unassigned	Unassigned
funOTU_117	Fungi	Ascomycota	Eurotiomycetes	Eurotiales	Unassigned	Unassigned	Unassigned
funOTU_111	Fungi	Basidiomycota	Agaricomycetes	Auriculariales	Exidiaceae	Unassigned	Unassigned
funOTU_125	Fungi	Basidiomycota	Agaricomycetes	Agaricales	Nidulariaceae	Cyathus	Cyathus_stercoreus_SH216747.07FU
funOTU_119	Fungi	Basidiomycota	Agaricomycetes	Cantharellales	Ceratobasidiaceae	Unassigned	Unassigned
funOTU_118	Fungi	Ascomycota	Sordariomycetes	Unassigned	Unassigned	Unassigned	Unassigned
funOTU_113	Fungi	Ascomycota	Unassigned	Unassigned	Unassigned	Unassigned	Unassigned
funOTU_132	Fungi	Ascomycota	Eurotiomycetes	Chaetothyriales	Cyphellophoraceae	Cyphellophora	Unassigned
funOTU_121	Fungi	Unassigned	Unassigned	Unassigned	Unassigned	Unassigned	Unassigned
funOTU_137	Fungi	Ascomycota	Unassigned	Unassigned	Unassigned	Unassigned	Unassigned
funOTU_122	Fungi	Unassigned	Unassigned	Unassigned	Unassigned	Unassigned	Unassigned
funOTU_141	Fungi	Ascomycota	Unassigned	Unassigned	Unassigned	Unassigned	Unassigned
funOTU_126	Fungi	Ascomycota	Dothideomycetes	Pleosporales	Lentitheciaceae	Darksidea	Unassigned
funOTU_145	Fungi	Unassigned	Unassigned	Unassigned	Unassigned	Unassigned	Unassigned
funOTU_124	Fungi	Ascomycota	Eurotiomycetes	Chaetothyriales	Cyphellophoraceae	Cyphellophora	Cyphellophora_laciniata_SH197858.07FU
funOTU_146	Fungi	Mortierellomycota	Mortierellomycetes	Mortierellales	Mortierellaceae	Mortierella	Mortierella_ambigua_SH201571.07FU
funOTU_128	Fungi	Unassigned	Unassigned	Unassigned	Unassigned	Unassigned	Unassigned
funOTU_143	Fungi	Ascomycota	Sordariomycetes	Hypocreales	Hypocreaceae	Trichoderma	Trichoderma_turrialbense_SH177684.07FU
funOTU_140	Fungi	Ascomycota	Sordariomycetes	Hypocreales	Nectriaceae	Fusicolla	Fusicolla_acetilerea_SH175301.07FU
funOTU_142	Fungi	Unassigned	Unassigned	Unassigned	Unassigned	Unassigned	Unassigned
funOTU_138	Fungi	Unassigned	Unassigned	Unassigned	Unassigned	Unassigned	Unassigned
funOTU_129	Fungi	Unassigned	Unassigned	Unassigned	Unassigned	Unassigned	Unassigned
funOTU_133	Fungi	Ascomycota	Eurotiomycetes	Chaetothyriales	Herpotrichiellaceae	Unassigned	Unassigned
funOTU_131	Fungi	Unassigned	Unassigned	Unassigned	Unassigned	Unassigned	Unassigned
funOTU_139	Fungi	Ascomycota	Dothideomycetes	Pleosporales	Pleosporaceae	Curvularia	Curvularia_lunata_SH187631.07FU
funOTU_147	Fungi	Basidiomycota	Tremellomycetes	Unassigned	Unassigned	Unassigned	Unassigned
funOTU_149	Fungi	Unassigned	Unassigned	Unassigned	Unassigned	Unassigned	Unassigned
funOTU_148	Fungi	Unassigned	Unassigned	Unassigned	Unassigned	Unassigned	Unassigned
funOTU_153	Fungi	Ascomycota	Sordariomycetes	Sordariales	Lasiosphaeriaceae	Podospora	Unassigned
funOTU_151	Fungi	Unassigned	Unassigned	Unassigned	Unassigned	Unassigned	Unassigned
funOTU_154	Fungi	Ascomycota	Sordariomycetes	Sordariales	Sordariaceae	Unassigned	Unassigned
funOTU_150	Fungi	Ascomycota	Unassigned	Unassigned	Unassigned	Unassigned	Unassigned
funOTU_152	Fungi	Ascomycota	Sordariomycetes	Hypocreales	Stachybotryaceae	Stachybotrys	Stachybotrys_microspora_SH209073.07FU
funOTU_165	Fungi	Ascomycota	Sordariomycetes	Sordariales	Lasiosphaeriaceae	Unassigned	Unassigned
funOTU_168	Fungi	Ascomycota	Unassigned	Unassigned	Unassigned	Unassigned	Unassigned
funOTU_158	Fungi	Ascomycota	Sordariomycetes	Myrmecridiales	Myrmecridiaceae	Myrmecridium	Unassigned
funOTU_164	Fungi	Unassigned	Unassigned	Unassigned	Unassigned	Unassigned	Unassigned
funOTU_182	Fungi	Unassigned	Unassigned	Unassigned	Unassigned	Unassigned	Unassigned
funOTU_171	Fungi	Unassigned	Unassigned	Unassigned	Unassigned	Unassigned	Unassigned
funOTU_155	Fungi	Basidiomycota	Agaricomycetes	Agaricales	Bolbitiaceae	Panaeolus	Panaeolus_subfirmus_SH178700.07FU
funOTU_161	Fungi	Ascomycota	Eurotiomycetes	Chaetothyriales	Unassigned	Unassigned	Unassigned
funOTU_174	Fungi	Ascomycota	Eurotiomycetes	Eurotiales	Trichocomaceae	Sagenomella	Sagenomella_oligospora_SH210945.07FU
funOTU_179	Fungi	Mucoromycota	Mucoromycetes	Mucorales	Choanephoraceae	Choanephora	Choanephora_cucurbitarum_SH190293.07FU
funOTU_163	Fungi	Ascomycota	Leotiomycetes	Unassigned	Unassigned	Unassigned	Unassigned
funOTU_160	Fungi	Ascomycota	Unassigned	Unassigned	Unassigned	Unassigned	Unassigned
funOTU_178	Fungi	Unassigned	Unassigned	Unassigned	Unassigned	Unassigned	Unassigned
funOTU_180	Fungi	Basidiomycota	Agaricomycetes	Geastrales	Geastraceae	Unassigned	Unassigned
funOTU_181	Fungi	Ascomycota	Eurotiomycetes	Eurotiales	Aspergillaceae	Penicillium	Unassigned
funOTU_166	Fungi	Ascomycota	Sordariomycetes	Sordariales	Sordariales_fam_Incertae_sedis	Staphylotrichum	Staphylotrichum_coccosporum_SH195313.07FU
funOTU_187	Fungi	Basidiomycota	Agaricomycetes	Unassigned	Unassigned	Unassigned	Unassigned
funOTU_176	Fungi	Basidiomycota	Agaricomycetes	Agaricales	Unassigned	Unassigned	Unassigned
funOTU_191	Fungi	Ascomycota	Dothideomycetes	Pleosporales	Tetraplosphaeriaceae	Tetraplosphaeria	Unassigned
funOTU_193	Fungi	Unassigned	Unassigned	Unassigned	Unassigned	Unassigned	Unassigned
funOTU_185	Fungi	Ascomycota	Dothideomycetes	Pleosporales	Didymellaceae	Unassigned	Unassigned
funOTU_200	Fungi	Unassigned	Unassigned	Unassigned	Unassigned	Unassigned	Unassigned
funOTU_169	Fungi	Unassigned	Unassigned	Unassigned	Unassigned	Unassigned	Unassigned
funOTU_194	Fungi	Ascomycota	Sordariomycetes	Hypocreales	Unassigned	Unassigned	Unassigned
funOTU_184	Fungi	Unassigned	Unassigned	Unassigned	Unassigned	Unassigned	Unassigned
funOTU_189	Fungi	Unassigned	Unassigned	Unassigned	Unassigned	Unassigned	Unassigned
funOTU_190	Fungi	Unassigned	Unassigned	Unassigned	Unassigned	Unassigned	Unassigned
funOTU_173	Fungi	Ascomycota	Sordariomycetes	Hypocreales	Clavicipitaceae	Collarina	Collarina_aurantiaca_SH214978.07FU
funOTU_201	Fungi	Ascomycota	Unassigned	Unassigned	Unassigned	Unassigned	Unassigned
funOTU_192	Fungi	Ascomycota	Sordariomycetes	Sordariales	Sordariaceae	Sordaria	Sordaria_fimicola_SH253710.07FU
funOTU_222	Fungi	Ascomycota	Unassigned	Unassigned	Unassigned	Unassigned	Unassigned
funOTU_205	Fungi	Unassigned	Unassigned	Unassigned	Unassigned	Unassigned	Unassigned
funOTU_209	Fungi	Ascomycota	Dothideomycetes	Venturiales	Sympoventuriaceae	Scolecobasidium	Scolecobasidium_constrictum_SH024812.07FU
funOTU_204	Fungi	Unassigned	Unassigned	Unassigned	Unassigned	Unassigned	Unassigned
funOTU_214	Fungi	Basidiomycota	Agaricomycetes	Unassigned	Unassigned	Unassigned	Unassigned
funOTU_208	Fungi	Unassigned	Unassigned	Unassigned	Unassigned	Unassigned	Unassigned
funOTU_223	Fungi	Ascomycota	Sordariomycetes	Hypocreales	Unassigned	Unassigned	Unassigned
funOTU_213	Fungi	Ascomycota	Dothideomycetes	Pleosporales	Unassigned	Unassigned	Unassigned
funOTU_218	Fungi	Basidiomycota	Agaricomycetes	Unassigned	Unassigned	Unassigned	Unassigned
funOTU_197	Fungi	Ascomycota	Eurotiomycetes	Eurotiales	Unassigned	Unassigned	Unassigned
funOTU_202	Fungi	Unassigned	Unassigned	Unassigned	Unassigned	Unassigned	Unassigned
funOTU_220	Fungi	Ascomycota	Sordariomycetes	Magnaporthales	Magnaporthaceae	Magnaporthiopsis	Magnaporthiopsis_incrustans_SH174127.07FU
funOTU_207	Fungi	Basidiomycota	Agaricomycetes	Cantharellales	Ceratobasidiaceae	Unassigned	Unassigned
funOTU_224	Fungi	Ascomycota	Sordariomycetes	Hypocreales	Unassigned	Unassigned	Unassigned
funOTU_237	Fungi	Unassigned	Unassigned	Unassigned	Unassigned	Unassigned	Unassigned
funOTU_211	Fungi	Ascomycota	Dothideomycetes	Pleosporales	Pleosporales_fam_Incertae_sedis	Latorua	Latorua_caligans_SH212864.07FU
funOTU_230	Fungi	Unassigned	Unassigned	Unassigned	Unassigned	Unassigned	Unassigned
funOTU_206	Fungi	Ascomycota	Sordariomycetes	Xylariales	Microdochiaceae	Microdochium	Unassigned
funOTU_215	Fungi	Unassigned	Unassigned	Unassigned	Unassigned	Unassigned	Unassigned
funOTU_228	Fungi	Ascomycota	Sordariomycetes	Sordariales	Lasiosphaeriaceae	Podospora	Unassigned
funOTU_242	Fungi	Ascomycota	Sordariomycetes	Myrmecridiales	Myrmecridiaceae	Myrmecridium	Myrmecridium_thailandicum_SH218828.07FU
funOTU_240	Fungi	Unassigned	Unassigned	Unassigned	Unassigned	Unassigned	Unassigned
funOTU_234	Fungi	Unassigned	Unassigned	Unassigned	Unassigned	Unassigned	Unassigned
funOTU_245	Fungi	Unassigned	Unassigned	Unassigned	Unassigned	Unassigned	Unassigned
funOTU_232	Fungi	Basidiomycota	Agaricomycetes	Auriculariales	Auriculariaceae	Unassigned	Unassigned
funOTU_229	Fungi	Ascomycota	Leotiomycetes	Helotiales	Unassigned	Unassigned	Unassigned
funOTU_243	Fungi	Ascomycota	Sordariomycetes	Hypocreales	Unassigned	Unassigned	Unassigned
funOTU_225	Fungi	Unassigned	Unassigned	Unassigned	Unassigned	Unassigned	Unassigned
funOTU_227	Fungi	Ascomycota	Dothideomycetes	Pleosporales	Unassigned	Unassigned	Unassigned
funOTU_226	Fungi	Basidiomycota	Agaricomycetes	Agaricales	Psathyrellaceae	Coprinopsis	Coprinopsis_vermiculifer_SH030841.07FU
funOTU_253	Fungi	Unassigned	Unassigned	Unassigned	Unassigned	Unassigned	Unassigned
funOTU_246	Fungi	Ascomycota	Sordariomycetes	Glomerellales	Glomerellaceae	Colletotrichum	Colletotrichum_lilii_SH261149.07FU
funOTU_239	Fungi	Ascomycota	Sordariomycetes	Hypocreales	Hypocreales_fam_Incertae_sedis	Acremonium	Acremonium_persicinum_SH207979.07FU
funOTU_238	Fungi	Unassigned	Unassigned	Unassigned	Unassigned	Unassigned	Unassigned
funOTU_251	Fungi	Basidiomycota	Unassigned	Unassigned	Unassigned	Unassigned	Unassigned
funOTU_249	Fungi	Ascomycota	Dothideomycetes	Pleosporales	Unassigned	Unassigned	Unassigned
funOTU_250	Fungi	Unassigned	Unassigned	Unassigned	Unassigned	Unassigned	Unassigned
funOTU_252	Fungi	Unassigned	Unassigned	Unassigned	Unassigned	Unassigned	Unassigned
funOTU_233	Fungi	Basidiomycota	Agaricomycetes	Auriculariales	Unassigned	Unassigned	Unassigned
funOTU_256	Fungi	Unassigned	Unassigned	Unassigned	Unassigned	Unassigned	Unassigned
funOTU_261	Fungi	Unassigned	Unassigned	Unassigned	Unassigned	Unassigned	Unassigned
funOTU_276	Fungi	Unassigned	Unassigned	Unassigned	Unassigned	Unassigned	Unassigned
funOTU_267	Fungi	Unassigned	Unassigned	Unassigned	Unassigned	Unassigned	Unassigned
funOTU_264	Fungi	Mortierellomycota	Mortierellomycetes	Mortierellales	Mortierellaceae	Mortierella	Unassigned
funOTU_255	Fungi	Mortierellomycota	Mortierellomycetes	Mortierellales	Mortierellaceae	Mortierella	Unassigned
funOTU_281	Fungi	Unassigned	Unassigned	Unassigned	Unassigned	Unassigned	Unassigned
funOTU_275	Fungi	Ascomycota	Dothideomycetes	Pleosporales	Phaeosphaeriaceae	Unassigned	Unassigned
funOTU_263	Fungi	Ascomycota	Sordariomycetes	Sordariales	Unassigned	Unassigned	Unassigned
funOTU_270	Fungi	Basidiomycota	Agaricomycetes	Cantharellales	Ceratobasidiaceae	Ceratobasidium	Unassigned
funOTU_268	Fungi	Unassigned	Unassigned	Unassigned	Unassigned	Unassigned	Unassigned
funOTU_258	Fungi	Basidiomycota	Agaricostilbomycetes	Agaricostilbales	Chionosphaeraceae	Kurtzmanomyces	Unassigned
funOTU_279	Fungi	Ascomycota	Sordariomycetes	Sordariales	Lasiosphaeriaceae	Cladorrhinum	Unassigned
funOTU_254	Fungi	Unassigned	Unassigned	Unassigned	Unassigned	Unassigned	Unassigned
funOTU_266	Fungi	Unassigned	Unassigned	Unassigned	Unassigned	Unassigned	Unassigned
funOTU_262	Fungi	Unassigned	Unassigned	Unassigned	Unassigned	Unassigned	Unassigned
funOTU_278	Fungi	Ascomycota	Sordariomycetes	Unassigned	Unassigned	Unassigned	Unassigned
funOTU_280	Fungi	Mortierellomycota	Mortierellomycetes	Mortierellales	Mortierellaceae	Mortierella	Mortierella_fimbricystis_SH187864.07FU
funOTU_289	Fungi	Unassigned	Unassigned	Unassigned	Unassigned	Unassigned	Unassigned
funOTU_301	Fungi	Unassigned	Unassigned	Unassigned	Unassigned	Unassigned	Unassigned
funOTU_272	Fungi	Basidiomycota	Agaricomycetes	Agaricales	Psathyrellaceae	Coprinopsis	Unassigned
funOTU_292	Fungi	Unassigned	Unassigned	Unassigned	Unassigned	Unassigned	Unassigned
funOTU_287	Fungi	Basidiomycota	Unassigned	Unassigned	Unassigned	Unassigned	Unassigned
funOTU_269	Fungi	Basidiomycota	Unassigned	Unassigned	Unassigned	Unassigned	Unassigned
funOTU_288	Fungi	Ascomycota	Saccharomycetes	Saccharomycetales	Saccharomycetales_fam_Incertae_sedis	Candida	Candida_tropicalis_SH018611.07FU
funOTU_290	Fungi	Ascomycota	Dothideomycetes	Pleosporales	Pleosporaceae	Curvularia	Unassigned
funOTU_291	Fungi	Unassigned	Unassigned	Unassigned	Unassigned	Unassigned	Unassigned
funOTU_298	Fungi	Unassigned	Unassigned	Unassigned	Unassigned	Unassigned	Unassigned
funOTU_293	Fungi	Ascomycota	Dothideomycetes	Unassigned	Unassigned	Unassigned	Unassigned
funOTU_294	Fungi	Unassigned	Unassigned	Unassigned	Unassigned	Unassigned	Unassigned
funOTU_312	Fungi	Basidiomycota	Ustilaginomycetes	Ustilaginales	Ustilaginaceae	Pseudozyma	Pseudozyma_prolifica_SH413015.07FU
funOTU_285	Fungi	Mortierellomycota	Mortierellomycetes	Mortierellales	Mortierellaceae	Mortierella	Unassigned
funOTU_284	Fungi	Ascomycota	Sordariomycetes	Sordariales	Unassigned	Unassigned	Unassigned
funOTU_305	Fungi	Ascomycota	Pezizomycetes	Pezizales	Pyronemataceae	Pseudaleuria	Unassigned
funOTU_315	Fungi	Ascomycota	Sordariomycetes	Unassigned	Unassigned	Unassigned	Unassigned
funOTU_323	Fungi	Unassigned	Unassigned	Unassigned	Unassigned	Unassigned	Unassigned
funOTU_313	Fungi	Ascomycota	Eurotiomycetes	Eurotiales	Aspergillaceae	Penicillium	Unassigned
funOTU_309	Fungi	Ascomycota	Sordariomycetes	Hypocreales	Unassigned	Unassigned	Unassigned
funOTU_331	Fungi	Unassigned	Unassigned	Unassigned	Unassigned	Unassigned	Unassigned
funOTU_316	Fungi	Mortierellomycota	Mortierellomycetes	Mortierellales	Mortierellaceae	Mortierella	Unassigned
funOTU_330	Fungi	Unassigned	Unassigned	Unassigned	Unassigned	Unassigned	Unassigned
funOTU_320	Fungi	Ascomycota	Dothideomycetes	Unassigned	Unassigned	Unassigned	Unassigned
funOTU_300	Fungi	Mortierellomycota	Mortierellomycetes	Mortierellales	Mortierellaceae	Mortierella	Unassigned
funOTU_303	Fungi	Ascomycota	Saccharomycetes	Saccharomycetales	Unassigned	Unassigned	Unassigned
funOTU_306	Fungi	Ascomycota	Eurotiomycetes	Chaetothyriales	Cyphellophoraceae	Cyphellophora	Unassigned
funOTU_317	Fungi	Ascomycota	Sordariomycetes	Sordariales	Lasiosphaeriaceae	Cladorrhinum	Unassigned
funOTU_327	Fungi	Ascomycota	Pezizomycetes	Pezizales	Pyronemataceae	Unassigned	Unassigned
funOTU_341	Fungi	Unassigned	Unassigned	Unassigned	Unassigned	Unassigned	Unassigned
funOTU_319	Fungi	Unassigned	Unassigned	Unassigned	Unassigned	Unassigned	Unassigned
funOTU_311	Fungi	Ascomycota	Dothideomycetes	Capnodiales	Mycosphaerellaceae	Cercospora	Cercospora_coniogrammes_SH278817.07FU
funOTU_324	Fungi	Ascomycota	Eurotiomycetes	Eurotiales	Aspergillaceae	Aspergillus	Aspergillus_keveii_SH186281.07FU
funOTU_328	Fungi	Unassigned	Unassigned	Unassigned	Unassigned	Unassigned	Unassigned
funOTU_333	Fungi	Mortierellomycota	Mortierellomycetes	Mortierellales	Mortierellaceae	Mortierella	Unassigned
funOTU_335	Fungi	Ascomycota	Sordariomycetes	Xylariales	Unassigned	Unassigned	Unassigned
funOTU_336	Fungi	Unassigned	Unassigned	Unassigned	Unassigned	Unassigned	Unassigned
funOTU_350	Fungi	Unassigned	Unassigned	Unassigned	Unassigned	Unassigned	Unassigned
funOTU_348	Fungi	Unassigned	Unassigned	Unassigned	Unassigned	Unassigned	Unassigned
funOTU_356	Fungi	Unassigned	Unassigned	Unassigned	Unassigned	Unassigned	Unassigned
funOTU_345	Fungi	Ascomycota	Pezizomycetes	Pezizales	Unassigned	Unassigned	Unassigned
funOTU_346	Fungi	Ascomycota	Sordariomycetes	Hypocreales	Unassigned	Unassigned	Unassigned
funOTU_322	Fungi	Basidiomycota	Agaricomycetes	Auriculariales	Unassigned	Unassigned	Unassigned
funOTU_347	Fungi	Ascomycota	Sordariomycetes	Hypocreales	Unassigned	Unassigned	Unassigned
funOTU_343	Fungi	Ascomycota	Sordariomycetes	Hypocreales	Clavicipitaceae	Unassigned	Unassigned
funOTU_369	Fungi	Unassigned	Unassigned	Unassigned	Unassigned	Unassigned	Unassigned
funOTU_364	Fungi	Unassigned	Unassigned	Unassigned	Unassigned	Unassigned	Unassigned
funOTU_360	Fungi	Ascomycota	Orbiliomycetes	Unassigned	Unassigned	Unassigned	Unassigned
funOTU_386	Fungi	Ascomycota	Unassigned	Unassigned	Unassigned	Unassigned	Unassigned
funOTU_384	Fungi	Unassigned	Unassigned	Unassigned	Unassigned	Unassigned	Unassigned
funOTU_375	Fungi	Basidiomycota	Agaricomycetes	Agaricales	Hygrophoraceae	Unassigned	Unassigned
funOTU_395	Fungi	Unassigned	Unassigned	Unassigned	Unassigned	Unassigned	Unassigned
funOTU_397	Fungi	Unassigned	Unassigned	Unassigned	Unassigned	Unassigned	Unassigned
funOTU_362	Fungi	Unassigned	Unassigned	Unassigned	Unassigned	Unassigned	Unassigned
funOTU_383	Fungi	Unassigned	Unassigned	Unassigned	Unassigned	Unassigned	Unassigned
funOTU_385	Fungi	Unassigned	Unassigned	Unassigned	Unassigned	Unassigned	Unassigned
funOTU_363	Fungi	Unassigned	Unassigned	Unassigned	Unassigned	Unassigned	Unassigned
funOTU_379	Fungi	Unassigned	Unassigned	Unassigned	Unassigned	Unassigned	Unassigned
funOTU_338	Fungi	Ascomycota	Unassigned	Unassigned	Unassigned	Unassigned	Unassigned
funOTU_373	Fungi	Ascomycota	Sordariomycetes	Coniochaetales	Coniochaetaceae	Coniochaeta	Unassigned
funOTU_353	Fungi	Ascomycota	Sordariomycetes	Sordariales	Sordariales_fam_Incertae_sedis	Madurella	Unassigned
funOTU_352	Fungi	Ascomycota	Sordariomycetes	Hypocreales	Unassigned	Unassigned	Unassigned
funOTU_392	Fungi	Unassigned	Unassigned	Unassigned	Unassigned	Unassigned	Unassigned
funOTU_376	Fungi	Ascomycota	Dothideomycetes	Venturiales	Sympoventuriaceae	Ochroconis	Ochroconis_minima_SH207896.07FU
funOTU_365	Fungi	Unassigned	Unassigned	Unassigned	Unassigned	Unassigned	Unassigned
funOTU_396	Fungi	Ascomycota	Dothideomycetes	Pleosporales	Unassigned	Unassigned	Unassigned
funOTU_399	Fungi	Ascomycota	Sordariomycetes	Hypocreales	Stachybotryaceae	Unassigned	Unassigned
funOTU_400	Fungi	Ascomycota	Orbiliomycetes	Orbiliales	Orbiliaceae	Unassigned	Unassigned
funOTU_414	Fungi	Unassigned	Unassigned	Unassigned	Unassigned	Unassigned	Unassigned
funOTU_420	Fungi	Unassigned	Unassigned	Unassigned	Unassigned	Unassigned	Unassigned
funOTU_408	Fungi	Ascomycota	Unassigned	Unassigned	Unassigned	Unassigned	Unassigned
funOTU_413	Fungi	Unassigned	Unassigned	Unassigned	Unassigned	Unassigned	Unassigned
funOTU_410	Fungi	Ascomycota	Sordariomycetes	Coniochaetales	Coniochaetaceae	Unassigned	Unassigned
funOTU_415	Fungi	Unassigned	Unassigned	Unassigned	Unassigned	Unassigned	Unassigned
funOTU_443	Fungi	Ascomycota	Unassigned	Unassigned	Unassigned	Unassigned	Unassigned
funOTU_407	Fungi	Unassigned	Unassigned	Unassigned	Unassigned	Unassigned	Unassigned
funOTU_441	Fungi	Ascomycota	Unassigned	Unassigned	Unassigned	Unassigned	Unassigned
funOTU_427	Fungi	Unassigned	Unassigned	Unassigned	Unassigned	Unassigned	Unassigned
funOTU_403	Fungi	Unassigned	Unassigned	Unassigned	Unassigned	Unassigned	Unassigned
funOTU_416	Fungi	Ascomycota	Orbiliomycetes	Orbiliales	Orbiliaceae	Unassigned	Unassigned
funOTU_423	Fungi	Unassigned	Unassigned	Unassigned	Unassigned	Unassigned	Unassigned
funOTU_402	Fungi	Unassigned	Unassigned	Unassigned	Unassigned	Unassigned	Unassigned
funOTU_446	Fungi	Chytridiomycota	Unassigned	Unassigned	Unassigned	Unassigned	Unassigned
funOTU_417	Fungi	Ascomycota	Leotiomycetes	Helotiales	Myxotrichaceae	Oidiodendron	Unassigned
funOTU_426	Fungi	Unassigned	Unassigned	Unassigned	Unassigned	Unassigned	Unassigned
funOTU_422	Fungi	Mortierellomycota	Mortierellomycetes	Mortierellales	Mortierellaceae	Mortierella	Unassigned
funOTU_447	Fungi	Unassigned	Unassigned	Unassigned	Unassigned	Unassigned	Unassigned
funOTU_445	Unassigned	Unassigned	Unassigned	Unassigned	Unassigned	Unassigned	Unassigned
funOTU_454	Fungi	Unassigned	Unassigned	Unassigned	Unassigned	Unassigned	Unassigned
funOTU_456	Fungi	Ascomycota	Unassigned	Unassigned	Unassigned	Unassigned	Unassigned
funOTU_430	Fungi	Ascomycota	Saccharomycetes	Saccharomycetales	Unassigned	Unassigned	Unassigned
funOTU_459	Fungi	Unassigned	Unassigned	Unassigned	Unassigned	Unassigned	Unassigned
funOTU_444	Fungi	Ascomycota	Sordariomycetes	Unassigned	Unassigned	Unassigned	Unassigned
funOTU_451	Fungi	Kickxellomycota	Kickxellomycetes	Kickxellales	Kickxellaceae	Ramicandelaber	Ramicandelaber_longisporus_SH001831.07FU
funOTU_425	Fungi	Ascomycota	Sordariomycetes	Hypocreales	Nectriaceae	Unassigned	Unassigned
funOTU_455	Fungi	Unassigned	Unassigned	Unassigned	Unassigned	Unassigned	Unassigned
funOTU_467	Fungi	Unassigned	Unassigned	Unassigned	Unassigned	Unassigned	Unassigned
funOTU_449	Fungi	Basidiomycota	Tremellomycetes	Tremellales	Trimorphomycetaceae	Saitozyma	Unassigned
funOTU_457	Fungi	Unassigned	Unassigned	Unassigned	Unassigned	Unassigned	Unassigned
funOTU_452	Fungi	Chytridiomycota	Unassigned	Unassigned	Unassigned	Unassigned	Unassigned
funOTU_480	Fungi	Unassigned	Unassigned	Unassigned	Unassigned	Unassigned	Unassigned
funOTU_466	Fungi	Unassigned	Unassigned	Unassigned	Unassigned	Unassigned	Unassigned
funOTU_460	Fungi	Unassigned	Unassigned	Unassigned	Unassigned	Unassigned	Unassigned
funOTU_477	Fungi	Unassigned	Unassigned	Unassigned	Unassigned	Unassigned	Unassigned
funOTU_478	Fungi	Unassigned	Unassigned	Unassigned	Unassigned	Unassigned	Unassigned
funOTU_481	Fungi	Unassigned	Unassigned	Unassigned	Unassigned	Unassigned	Unassigned
funOTU_465	Fungi	Basidiomycota	Agaricomycetes	Cantharellales	Ceratobasidiaceae	Unassigned	Unassigned
funOTU_485	Fungi	Unassigned	Unassigned	Unassigned	Unassigned	Unassigned	Unassigned
funOTU_483	Fungi	Unassigned	Unassigned	Unassigned	Unassigned	Unassigned	Unassigned
funOTU_486	Fungi	Unassigned	Unassigned	Unassigned	Unassigned	Unassigned	Unassigned
funOTU_464	Fungi	Ascomycota	Leotiomycetes	Helotiales	Unassigned	Unassigned	Unassigned
funOTU_463	Fungi	Ascomycota	Dothideomycetes	Pleosporales	Phaeosphaeriaceae	Phaeosphaeria	Phaeosphaeria_fuckelii_SH205222.07FU
funOTU_450	Fungi	Ascomycota	Saccharomycetes	Saccharomycetales	Dipodascaceae	Unassigned	Unassigned
funOTU_472	Fungi	Unassigned	Unassigned	Unassigned	Unassigned	Unassigned	Unassigned
funOTU_490	Fungi	Unassigned	Unassigned	Unassigned	Unassigned	Unassigned	Unassigned
funOTU_488	Fungi	Unassigned	Unassigned	Unassigned	Unassigned	Unassigned	Unassigned
funOTU_493	Fungi	Unassigned	Unassigned	Unassigned	Unassigned	Unassigned	Unassigned
funOTU_479	Fungi	Unassigned	Unassigned	Unassigned	Unassigned	Unassigned	Unassigned
funOTU_474	Fungi	Unassigned	Unassigned	Unassigned	Unassigned	Unassigned	Unassigned
funOTU_498	Fungi	Ascomycota	Unassigned	Unassigned	Unassigned	Unassigned	Unassigned
funOTU_500	Fungi	Unassigned	Unassigned	Unassigned	Unassigned	Unassigned	Unassigned
funOTU_495	Fungi	Unassigned	Unassigned	Unassigned	Unassigned	Unassigned	Unassigned
funOTU_496	Fungi	Chytridiomycota	Unassigned	Unassigned	Unassigned	Unassigned	Unassigned
funOTU_482	Fungi	Chytridiomycota	Unassigned	Unassigned	Unassigned	Unassigned	Unassigned
funOTU_489	Fungi	Ascomycota	Sordariomycetes	Hypocreales	Nectriaceae	Unassigned	Unassigned
funOTU_492	Fungi	Ascomycota	Sordariomycetes	Unassigned	Unassigned	Unassigned	Unassigned
funOTU_494	Fungi	Unassigned	Unassigned	Unassigned	Unassigned	Unassigned	Unassigned
funOTU_502	Fungi	Unassigned	Unassigned	Unassigned	Unassigned	Unassigned	Unassigned
funOTU_499	Fungi	Chytridiomycota	Rhizophlyctidomycetes	Rhizophlyctidales	Rhizophlyctidaceae	Rhizophlyctis	Rhizophlyctis_rosea_SH202562.07FU
funOTU_484	Fungi	Ascomycota	Sordariomycetes	Hypocreales	Cordycipitaceae	Unassigned	Unassigned
funOTU_487	Fungi	Ascomycota	Sordariomycetes	Hypocreales	Cordycipitaceae	Beauveria	Unassigned
funOTU_513	Fungi	Unassigned	Unassigned	Unassigned	Unassigned	Unassigned	Unassigned
funOTU_514	Fungi	Ascomycota	Unassigned	Unassigned	Unassigned	Unassigned	Unassigned
funOTU_497	Fungi	Basidiomycota	Agaricomycetes	Cantharellales	Ceratobasidiaceae	Unassigned	Unassigned
funOTU_507	Fungi	Unassigned	Unassigned	Unassigned	Unassigned	Unassigned	Unassigned
funOTU_515	Fungi	Unassigned	Unassigned	Unassigned	Unassigned	Unassigned	Unassigned
funOTU_518	Fungi	Unassigned	Unassigned	Unassigned	Unassigned	Unassigned	Unassigned
funOTU_522	Fungi	Unassigned	Unassigned	Unassigned	Unassigned	Unassigned	Unassigned
funOTU_510	Fungi	Chytridiomycota	Rhizophlyctidomycetes	Rhizophlyctidales	Rhizophlyctidaceae	Rhizophlyctis	Rhizophlyctis_rosea_SH006430.07FU
funOTU_526	Fungi	Ascomycota	Unassigned	Unassigned	Unassigned	Unassigned	Unassigned
funOTU_530	Fungi	Unassigned	Unassigned	Unassigned	Unassigned	Unassigned	Unassigned
funOTU_516	Fungi	Ascomycota	Sordariomycetes	Unassigned	Unassigned	Unassigned	Unassigned
funOTU_525	Fungi	Unassigned	Unassigned	Unassigned	Unassigned	Unassigned	Unassigned
funOTU_523	Fungi	Basidiomycota	Agaricomycetes	Tremellodendropsidales	Unassigned	Unassigned	Unassigned
funOTU_511	Fungi	Ascomycota	Eurotiomycetes	Eurotiales	Aspergillaceae	Aspergillus	Aspergillus_fumigatus_SH007927.07FU
funOTU_506	Fungi	Unassigned	Unassigned	Unassigned	Unassigned	Unassigned	Unassigned
funOTU_529	Fungi	Unassigned	Unassigned	Unassigned	Unassigned	Unassigned	Unassigned
funOTU_537	Fungi	Unassigned	Unassigned	Unassigned	Unassigned	Unassigned	Unassigned
funOTU_531	Fungi	Chytridiomycota	Unassigned	Unassigned	Unassigned	Unassigned	Unassigned
funOTU_532	Fungi	Basidiomycota	Agaricomycetes	Agaricales	Bolbitiaceae	Conocybe	Conocybe_velutipes_SH220674.07FU
funOTU_521	Fungi	Glomeromycota	Glomeromycetes	Glomerales	Glomeraceae	Funneliformis	Unassigned
funOTU_548	Fungi	Ascomycota	Unassigned	Unassigned	Unassigned	Unassigned	Unassigned
funOTU_556	Fungi	Basidiomycota	Unassigned	Unassigned	Unassigned	Unassigned	Unassigned
funOTU_568	Fungi	Ascomycota	Xylonomycetes	Xylonomycetales	Xylonomycetales_fam_Incertae_sedis	Symbiotaphrina	Symbiotaphrina_buchneri_SH643910.07FU
funOTU_547	Fungi	Unassigned	Unassigned	Unassigned	Unassigned	Unassigned	Unassigned
funOTU_550	Fungi	Unassigned	Unassigned	Unassigned	Unassigned	Unassigned	Unassigned
funOTU_535	Fungi	Zoopagomycota	Zoopagomycetes	Zoopagales	Piptocephalidaceae	Syncephalis	Unassigned
funOTU_539	Fungi	Unassigned	Unassigned	Unassigned	Unassigned	Unassigned	Unassigned
funOTU_554	Fungi	Unassigned	Unassigned	Unassigned	Unassigned	Unassigned	Unassigned
funOTU_570	Fungi	Unassigned	Unassigned	Unassigned	Unassigned	Unassigned	Unassigned
funOTU_549	Fungi	Aphelidiomycota	Aphelidiomycetes	GS16	Unassigned	Unassigned	Unassigned
funOTU_533	Fungi	Ascomycota	Saccharomycetes	Saccharomycetales	Dipodascaceae	Unassigned	Unassigned
funOTU_563	Fungi	Unassigned	Unassigned	Unassigned	Unassigned	Unassigned	Unassigned
funOTU_555	Fungi	Unassigned	Unassigned	Unassigned	Unassigned	Unassigned	Unassigned
funOTU_544	Fungi	Mortierellomycota	Mortierellomycetes	Mortierellales	Mortierellaceae	Mortierella	Unassigned
funOTU_561	Fungi	Chytridiomycota	Unassigned	Unassigned	Unassigned	Unassigned	Unassigned
funOTU_553	Fungi	Unassigned	Unassigned	Unassigned	Unassigned	Unassigned	Unassigned
funOTU_572	Fungi	Unassigned	Unassigned	Unassigned	Unassigned	Unassigned	Unassigned
funOTU_562	Fungi	Ascomycota	Sordariomycetes	Unassigned	Unassigned	Unassigned	Unassigned
funOTU_577	Fungi	Unassigned	Unassigned	Unassigned	Unassigned	Unassigned	Unassigned
funOTU_560	Fungi	Ascomycota	Eurotiomycetes	Eurotiales	Unassigned	Unassigned	Unassigned
funOTU_579	Fungi	Unassigned	Unassigned	Unassigned	Unassigned	Unassigned	Unassigned
funOTU_567	Fungi	Ascomycota	Sordariomycetes	Hypocreales	Unassigned	Unassigned	Unassigned
funOTU_573	Fungi	Rozellomycota	Unassigned	Unassigned	Unassigned	Unassigned	Unassigned
funOTU_576	Fungi	Unassigned	Unassigned	Unassigned	Unassigned	Unassigned	Unassigned
funOTU_574	Fungi	Unassigned	Unassigned	Unassigned	Unassigned	Unassigned	Unassigned
funOTU_545	Fungi	Ascomycota	Eurotiomycetes	Chaetothyriales	Unassigned	Unassigned	Unassigned
funOTU_581	Fungi	Unassigned	Unassigned	Unassigned	Unassigned	Unassigned	Unassigned
funOTU_595	Fungi	Ascomycota	Unassigned	Unassigned	Unassigned	Unassigned	Unassigned
funOTU_569	Fungi	Mortierellomycota	Mortierellomycetes	Mortierellales	Mortierellaceae	Mortierella	Mortierella_fimbricystis_SH187864.07FU
funOTU_584	Fungi	Unassigned	Unassigned	Unassigned	Unassigned	Unassigned	Unassigned
funOTU_578	Fungi	Unassigned	Unassigned	Unassigned	Unassigned	Unassigned	Unassigned
funOTU_593	Fungi	Unassigned	Unassigned	Unassigned	Unassigned	Unassigned	Unassigned
funOTU_582	Fungi	Ascomycota	Dothideomycetes	Pleosporales	Unassigned	Unassigned	Unassigned
funOTU_598	Fungi	Unassigned	Unassigned	Unassigned	Unassigned	Unassigned	Unassigned
funOTU_605	Fungi	Unassigned	Unassigned	Unassigned	Unassigned	Unassigned	Unassigned
funOTU_592	Fungi	Unassigned	Unassigned	Unassigned	Unassigned	Unassigned	Unassigned
funOTU_588	Fungi	Unassigned	Unassigned	Unassigned	Unassigned	Unassigned	Unassigned
funOTU_608	Fungi	Unassigned	Unassigned	Unassigned	Unassigned	Unassigned	Unassigned
funOTU_601	Fungi	Ascomycota	Unassigned	Unassigned	Unassigned	Unassigned	Unassigned
funOTU_624	Fungi	Unassigned	Unassigned	Unassigned	Unassigned	Unassigned	Unassigned
funOTU_602	Fungi	Ascomycota	Sordariomycetes	Sordariales	Lasiosphaeriaceae	Cladorrhinum	Cladorrhinum_bulbillosum_SH207742.07FU
funOTU_627	Fungi	Unassigned	Unassigned	Unassigned	Unassigned	Unassigned	Unassigned
funOTU_621	Fungi	Unassigned	Unassigned	Unassigned	Unassigned	Unassigned	Unassigned
funOTU_603	Fungi	Unassigned	Unassigned	Unassigned	Unassigned	Unassigned	Unassigned
funOTU_622	Fungi	Unassigned	Unassigned	Unassigned	Unassigned	Unassigned	Unassigned
funOTU_630	Fungi	Unassigned	Unassigned	Unassigned	Unassigned	Unassigned	Unassigned
funOTU_607	Fungi	Ascomycota	Sordariomycetes	Hypocreales	Unassigned	Unassigned	Unassigned
funOTU_611	Fungi	Chytridiomycota	Rhizophlyctidomycetes	Rhizophlyctidales	Rhizophlyctidaceae	Rhizophlyctis	Rhizophlyctis_rosea_SH192223.07FU
funOTU_636	Fungi	Ascomycota	Unassigned	Unassigned	Unassigned	Unassigned	Unassigned
funOTU_614	Fungi	Unassigned	Unassigned	Unassigned	Unassigned	Unassigned	Unassigned
funOTU_600	Fungi	Unassigned	Unassigned	Unassigned	Unassigned	Unassigned	Unassigned
funOTU_599	Fungi	Basidiomycota	Agaricomycetes	Cantharellales	Cantharellales_fam_Incertae_sedis	Minimedusa	Minimedusa_polyspora_SH201127.07FU
funOTU_613	Fungi	Ascomycota	Sordariomycetes	Unassigned	Unassigned	Unassigned	Unassigned
funOTU_618	Fungi	Unassigned	Unassigned	Unassigned	Unassigned	Unassigned	Unassigned
funOTU_632	Fungi	Unassigned	Unassigned	Unassigned	Unassigned	Unassigned	Unassigned
funOTU_626	Fungi	Unassigned	Unassigned	Unassigned	Unassigned	Unassigned	Unassigned
funOTU_643	Fungi	Ascomycota	Eurotiomycetes	Chaetothyriales	Unassigned	Unassigned	Unassigned
funOTU_609	Fungi	Basidiomycota	Tremellomycetes	Tremellales	Bulleribasidiaceae	Dioszegia	Dioszegia_zsoltii_var._yunnanensis_SH182100.07FU
funOTU_639	Fungi	Ascomycota	Eurotiomycetes	Eurotiales	Aspergillaceae	Penicillium	Unassigned
funOTU_619	Fungi	Ascomycota	Sordariomycetes	Hypocreales	Nectriaceae	Fusarium	Fusarium_nematophilum_SH209886.07FU
funOTU_648	Fungi	Ascomycota	Unassigned	Unassigned	Unassigned	Unassigned	Unassigned
funOTU_642	Fungi	Unassigned	Unassigned	Unassigned	Unassigned	Unassigned	Unassigned
funOTU_641	Fungi	Ascomycota	Eurotiomycetes	Unassigned	Unassigned	Unassigned	Unassigned
funOTU_645	Fungi	Unassigned	Unassigned	Unassigned	Unassigned	Unassigned	Unassigned
funOTU_661	Fungi	Unassigned	Unassigned	Unassigned	Unassigned	Unassigned	Unassigned
funOTU_664	Fungi	Unassigned	Unassigned	Unassigned	Unassigned	Unassigned	Unassigned
funOTU_657	Fungi	Unassigned	Unassigned	Unassigned	Unassigned	Unassigned	Unassigned
funOTU_633	Fungi	Unassigned	Unassigned	Unassigned	Unassigned	Unassigned	Unassigned
funOTU_656	Fungi	Unassigned	Unassigned	Unassigned	Unassigned	Unassigned	Unassigned
funOTU_640	Fungi	Ascomycota	Sordariomycetes	Unassigned	Unassigned	Unassigned	Unassigned
funOTU_670	Fungi	Unassigned	Unassigned	Unassigned	Unassigned	Unassigned	Unassigned
funOTU_672	Fungi	Unassigned	Unassigned	Unassigned	Unassigned	Unassigned	Unassigned
funOTU_666	Fungi	Unassigned	Unassigned	Unassigned	Unassigned	Unassigned	Unassigned
funOTU_650	Fungi	Unassigned	Unassigned	Unassigned	Unassigned	Unassigned	Unassigned
funOTU_673	Fungi	Ascomycota	Unassigned	Unassigned	Unassigned	Unassigned	Unassigned
funOTU_646	Fungi	Unassigned	Unassigned	Unassigned	Unassigned	Unassigned	Unassigned
funOTU_674	Fungi	Unassigned	Unassigned	Unassigned	Unassigned	Unassigned	Unassigned
funOTU_677	Fungi	Unassigned	Unassigned	Unassigned	Unassigned	Unassigned	Unassigned
funOTU_669	Fungi	Ascomycota	Leotiomycetes	Helotiales	Myxotrichaceae	Oidiodendron	Unassigned
funOTU_676	Fungi	Unassigned	Unassigned	Unassigned	Unassigned	Unassigned	Unassigned
funOTU_662	Fungi	Ascomycota	Sordariomycetes	Sordariales	Chaetomiaceae	Chaetomidium	Chaetomidium_gallecicum_SH195324.07FU
funOTU_682	Fungi	Unassigned	Unassigned	Unassigned	Unassigned	Unassigned	Unassigned
funOTU_660	Fungi	Basidiomycota	Microbotryomycetes	Microbotryomycetes_ord_Incertae_sedis	Microbotryomycetes_fam_Incertae_sedis	Colacogloea	Colacogloea_terpenoidalis_SH194980.07FU
funOTU_678	Fungi	Unassigned	Unassigned	Unassigned	Unassigned	Unassigned	Unassigned
funOTU_683	Fungi	Unassigned	Unassigned	Unassigned	Unassigned	Unassigned	Unassigned
funOTU_654	Fungi	Unassigned	Unassigned	Unassigned	Unassigned	Unassigned	Unassigned
funOTU_655	Fungi	Ascomycota	Eurotiomycetes	Eurotiales	Aspergillaceae	Penicillium	Penicillium_melinii_SH207150.07FU
funOTU_691	Fungi	Ascomycota	Unassigned	Unassigned	Unassigned	Unassigned	Unassigned
funOTU_688	Fungi	Unassigned	Unassigned	Unassigned	Unassigned	Unassigned	Unassigned
funOTU_681	Fungi	Unassigned	Unassigned	Unassigned	Unassigned	Unassigned	Unassigned
funOTU_680	Fungi	Unassigned	Unassigned	Unassigned	Unassigned	Unassigned	Unassigned
funOTU_697	Fungi	Ascomycota	Unassigned	Unassigned	Unassigned	Unassigned	Unassigned
funOTU_685	Fungi	Glomeromycota	Glomeromycetes	Diversisporales	Diversisporaceae	Unassigned	Unassigned
funOTU_694	Fungi	Unassigned	Unassigned	Unassigned	Unassigned	Unassigned	Unassigned
funOTU_687	Fungi	Ascomycota	Unassigned	Unassigned	Unassigned	Unassigned	Unassigned
funOTU_689	Fungi	Ascomycota	Sordariomycetes	Glomerellales	Glomerellaceae	Colletotrichum	Colletotrichum_chlorophyti_SH195664.07FU
funOTU_698	Fungi	Unassigned	Unassigned	Unassigned	Unassigned	Unassigned	Unassigned
funOTU_686	Fungi	Unassigned	Unassigned	Unassigned	Unassigned	Unassigned	Unassigned
funOTU_692	Fungi	Unassigned	Unassigned	Unassigned	Unassigned	Unassigned	Unassigned
funOTU_690	Fungi	Unassigned	Unassigned	Unassigned	Unassigned	Unassigned	Unassigned
funOTU_705	Fungi	Unassigned	Unassigned	Unassigned	Unassigned	Unassigned	Unassigned
funOTU_706	Fungi	Unassigned	Unassigned	Unassigned	Unassigned	Unassigned	Unassigned
funOTU_707	Fungi	Ascomycota	Unassigned	Unassigned	Unassigned	Unassigned	Unassigned
funOTU_703	Fungi	Unassigned	Unassigned	Unassigned	Unassigned	Unassigned	Unassigned
funOTU_711	Fungi	Unassigned	Unassigned	Unassigned	Unassigned	Unassigned	Unassigned
funOTU_700	Fungi	Unassigned	Unassigned	Unassigned	Unassigned	Unassigned	Unassigned
funOTU_675	Fungi	Unassigned	Unassigned	Unassigned	Unassigned	Unassigned	Unassigned
funOTU_709	Fungi	Unassigned	Unassigned	Unassigned	Unassigned	Unassigned	Unassigned
funOTU_713	Fungi	Unassigned	Unassigned	Unassigned	Unassigned	Unassigned	Unassigned
funOTU_717	Fungi	Ascomycota	Unassigned	Unassigned	Unassigned	Unassigned	Unassigned
funOTU_696	Fungi	Basidiomycota	Agaricomycetes	Cantharellales	Ceratobasidiaceae	Unassigned	Unassigned
funOTU_712	Fungi	Unassigned	Unassigned	Unassigned	Unassigned	Unassigned	Unassigned
funOTU_721	Fungi	Ascomycota	Unassigned	Unassigned	Unassigned	Unassigned	Unassigned
funOTU_704	Fungi	Ascomycota	Sordariomycetes	Hypocreales	Hypocreales_fam_Incertae_sedis	Trichothecium	Trichothecium_roseum_SH022604.07FU
funOTU_702	Fungi	Ascomycota	Saccharomycetes	Saccharomycetales	Saccharomycetales_fam_Incertae_sedis	Candida	Candida_intermedia_SH024156.07FU
funOTU_715	Fungi	Unassigned	Unassigned	Unassigned	Unassigned	Unassigned	Unassigned
funOTU_723	Unassigned	Unassigned	Unassigned	Unassigned	Unassigned	Unassigned	Unassigned
funOTU_725	Fungi	Unassigned	Unassigned	Unassigned	Unassigned	Unassigned	Unassigned
funOTU_731	Fungi	Unassigned	Unassigned	Unassigned	Unassigned	Unassigned	Unassigned
funOTU_716	Fungi	Ascomycota	Sordariomycetes	Unassigned	Unassigned	Unassigned	Unassigned
funOTU_720	Fungi	Ascomycota	Unassigned	Unassigned	Unassigned	Unassigned	Unassigned
funOTU_735	Fungi	Chytridiomycota	Unassigned	Unassigned	Unassigned	Unassigned	Unassigned
funOTU_734	Fungi	Unassigned	Unassigned	Unassigned	Unassigned	Unassigned	Unassigned
funOTU_724	Fungi	Ascomycota	Orbiliomycetes	Orbiliales	Orbiliales_fam_Incertae_sedis	Vermispora	Vermispora_spermatophaga_SH474577.07FU
funOTU_743	Fungi	Unassigned	Unassigned	Unassigned	Unassigned	Unassigned	Unassigned
funOTU_714	Fungi	Basidiomycota	Tremellomycetes	Tremellales	Bulleribasidiaceae	Hannaella	Hannaella_luteola_SH180500.07FU
funOTU_740	Fungi	Unassigned	Unassigned	Unassigned	Unassigned	Unassigned	Unassigned
funOTU_737	Fungi	Ascomycota	Unassigned	Unassigned	Unassigned	Unassigned	Unassigned
funOTU_738	Fungi	Aphelidiomycota	Aphelidiomycetes	GS16	Unassigned	Unassigned	Unassigned
funOTU_745	Fungi	Unassigned	Unassigned	Unassigned	Unassigned	Unassigned	Unassigned
funOTU_753	Fungi	Unassigned	Unassigned	Unassigned	Unassigned	Unassigned	Unassigned
funOTU_736	Fungi	Mortierellomycota	Mortierellomycetes	Mortierellales	Mortierellaceae	Mortierella	Unassigned
funOTU_742	Fungi	Unassigned	Unassigned	Unassigned	Unassigned	Unassigned	Unassigned
funOTU_759	Fungi	Unassigned	Unassigned	Unassigned	Unassigned	Unassigned	Unassigned
funOTU_749	Fungi	Ascomycota	Unassigned	Unassigned	Unassigned	Unassigned	Unassigned
funOTU_741	Fungi	Basidiomycota	Agaricomycetes	Cantharellales	Ceratobasidiaceae	Unassigned	Unassigned
funOTU_762	Fungi	Unassigned	Unassigned	Unassigned	Unassigned	Unassigned	Unassigned
funOTU_729	Fungi	Ascomycota	Ascomycota_cls_Incertae_sedis	Ascomycota_ord_Incertae_sedis	Ascomycota_fam_Incertae_sedis	Tetracladium	Unassigned
funOTU_746	Fungi	Ascomycota	Sordariomycetes	Hypocreales	Unassigned	Unassigned	Unassigned
funOTU_727	Fungi	Ascomycota	Dothideomycetes	Venturiales	Sympoventuriaceae	Ochroconis	Ochroconis_mirabilis_SH533472.07FU
funOTU_751	Fungi	Unassigned	Unassigned	Unassigned	Unassigned	Unassigned	Unassigned
funOTU_744	Fungi	Basidiomycota	Agaricomycetes	Agaricales	Psathyrellaceae	Coprinopsis	Unassigned
funOTU_757	Fungi	Unassigned	Unassigned	Unassigned	Unassigned	Unassigned	Unassigned
funOTU_765	Fungi	Unassigned	Unassigned	Unassigned	Unassigned	Unassigned	Unassigned
funOTU_764	Fungi	Unassigned	Unassigned	Unassigned	Unassigned	Unassigned	Unassigned
funOTU_752	Fungi	Basidiomycota	Microbotryomycetes	Sporidiobolales	Sporidiobolaceae	Sporobolomyces	Sporobolomyces_symmetricus_SH205939.07FU
funOTU_767	Fungi	Unassigned	Unassigned	Unassigned	Unassigned	Unassigned	Unassigned
funOTU_766	Fungi	Ascomycota	Unassigned	Unassigned	Unassigned	Unassigned	Unassigned
funOTU_747	Fungi	Rozellomycota	Rozellomycota_cls_Incertae_sedis	GS05	Unassigned	Unassigned	Unassigned
funOTU_761	Fungi	Unassigned	Unassigned	Unassigned	Unassigned	Unassigned	Unassigned
funOTU_763	Fungi	Unassigned	Unassigned	Unassigned	Unassigned	Unassigned	Unassigned
funOTU_768	Fungi	Ascomycota	Unassigned	Unassigned	Unassigned	Unassigned	Unassigned
funOTU_770	Fungi	Ascomycota	Unassigned	Unassigned	Unassigned	Unassigned	Unassigned
funOTU_774	Fungi	Basidiomycota	Unassigned	Unassigned	Unassigned	Unassigned	Unassigned
funOTU_776	Fungi	Unassigned	Unassigned	Unassigned	Unassigned	Unassigned	Unassigned
funOTU_780	Fungi	Unassigned	Unassigned	Unassigned	Unassigned	Unassigned	Unassigned
funOTU_779	Fungi	Basidiomycota	Unassigned	Unassigned	Unassigned	Unassigned	Unassigned
funOTU_777	Fungi	Ascomycota	Unassigned	Unassigned	Unassigned	Unassigned	Unassigned
funOTU_771	Fungi	Ascomycota	Sordariomycetes	Hypocreales	Hypocreales_fam_Incertae_sedis	Unassigned	Unassigned
funOTU_773	Fungi	Ascomycota	Dothideomycetes	Pleosporales	Unassigned	Unassigned	Unassigned
funOTU_798	Fungi	Unassigned	Unassigned	Unassigned	Unassigned	Unassigned	Unassigned
funOTU_775	Fungi	Ascomycota	Dothideomycetes	Pleosporales	Pleosporaceae	Setosphaeria	Setosphaeria_pedicellata_SH187640.07FU
funOTU_787	Fungi	Unassigned	Unassigned	Unassigned	Unassigned	Unassigned	Unassigned
funOTU_782	Fungi	Unassigned	Unassigned	Unassigned	Unassigned	Unassigned	Unassigned
funOTU_781	Fungi	Chytridiomycota	Unassigned	Unassigned	Unassigned	Unassigned	Unassigned
funOTU_783	Fungi	Unassigned	Unassigned	Unassigned	Unassigned	Unassigned	Unassigned
funOTU_784	Fungi	Unassigned	Unassigned	Unassigned	Unassigned	Unassigned	Unassigned
funOTU_809	Fungi	Ascomycota	Unassigned	Unassigned	Unassigned	Unassigned	Unassigned
funOTU_789	Fungi	Unassigned	Unassigned	Unassigned	Unassigned	Unassigned	Unassigned
funOTU_794	Fungi	Unassigned	Unassigned	Unassigned	Unassigned	Unassigned	Unassigned
funOTU_778	Fungi	Basidiomycota	Tremellomycetes	Filobasidiales	Filobasidiaceae	Naganishia	Unassigned
funOTU_790	Fungi	Unassigned	Unassigned	Unassigned	Unassigned	Unassigned	Unassigned
funOTU_806	Fungi	Unassigned	Unassigned	Unassigned	Unassigned	Unassigned	Unassigned
funOTU_788	Fungi	Unassigned	Unassigned	Unassigned	Unassigned	Unassigned	Unassigned
funOTU_797	Fungi	Unassigned	Unassigned	Unassigned	Unassigned	Unassigned	Unassigned
funOTU_800	Fungi	Unassigned	Unassigned	Unassigned	Unassigned	Unassigned	Unassigned
funOTU_802	Fungi	Unassigned	Unassigned	Unassigned	Unassigned	Unassigned	Unassigned
funOTU_786	Fungi	Ascomycota	Sordariomycetes	Hypocreales	Unassigned	Unassigned	Unassigned
funOTU_804	Fungi	Unassigned	Unassigned	Unassigned	Unassigned	Unassigned	Unassigned
funOTU_811	Fungi	Ascomycota	Unassigned	Unassigned	Unassigned	Unassigned	Unassigned
funOTU_803	Fungi	Unassigned	Unassigned	Unassigned	Unassigned	Unassigned	Unassigned
funOTU_815	Fungi	Ascomycota	Unassigned	Unassigned	Unassigned	Unassigned	Unassigned
funOTU_816	Fungi	Unassigned	Unassigned	Unassigned	Unassigned	Unassigned	Unassigned
funOTU_799	Fungi	Basidiomycota	Tremellomycetes	Tremellales	Cuniculitremaceae	Kockovaella	Kockovaella_lichenicola_SH176359.07FU
funOTU_792	Fungi	Ascomycota	Saccharomycetes	Saccharomycetales	Dipodascaceae	Unassigned	Unassigned
funOTU_812	Fungi	Unassigned	Unassigned	Unassigned	Unassigned	Unassigned	Unassigned
funOTU_785	Fungi	Basidiomycota	Agaricomycetes	Boletales	Coniophoraceae	Coniophora	Coniophora_eremophila_SH527187.07FU
funOTU_810	Fungi	Ascomycota	Sordariomycetes	Sordariales	Unassigned	Unassigned	Unassigned
funOTU_814	Fungi	Unassigned	Unassigned	Unassigned	Unassigned	Unassigned	Unassigned
funOTU_813	Fungi	Ascomycota	Unassigned	Unassigned	Unassigned	Unassigned	Unassigned
funOTU_818	Fungi	Unassigned	Unassigned	Unassigned	Unassigned	Unassigned	Unassigned
funOTU_820	Fungi	Unassigned	Unassigned	Unassigned	Unassigned	Unassigned	Unassigned
funOTU_817	Fungi	Ascomycota	Sordariomycetes	Microascales	Microascaceae	Kernia	Kernia_pachypleura_SH013616.07FU
funOTU_819	Fungi	Unassigned	Unassigned	Unassigned	Unassigned	Unassigned	Unassigned
funOTU_853	Fungi	Unassigned	Unassigned	Unassigned	Unassigned	Unassigned	Unassigned
funOTU_838	Fungi	Unassigned	Unassigned	Unassigned	Unassigned	Unassigned	Unassigned
funOTU_840	Fungi	Unassigned	Unassigned	Unassigned	Unassigned	Unassigned	Unassigned
funOTU_845	Fungi	Unassigned	Unassigned	Unassigned	Unassigned	Unassigned	Unassigned
funOTU_844	Fungi	Basidiomycota	Agaricomycetes	Unassigned	Unassigned	Unassigned	Unassigned
funOTU_827	Fungi	Kickxellomycota	Kickxellomycetes	Kickxellales	Kickxellaceae	Ramicandelaber	Ramicandelaber_longisporus_SH001831.07FU
funOTU_836	Fungi	Ascomycota	Unassigned	Unassigned	Unassigned	Unassigned	Unassigned
funOTU_829	Fungi	Chytridiomycota	Unassigned	Unassigned	Unassigned	Unassigned	Unassigned
funOTU_839	Fungi	Chytridiomycota	Unassigned	Unassigned	Unassigned	Unassigned	Unassigned
funOTU_847	Fungi	Ascomycota	Unassigned	Unassigned	Unassigned	Unassigned	Unassigned
funOTU_852	Fungi	Unassigned	Unassigned	Unassigned	Unassigned	Unassigned	Unassigned
funOTU_824	Fungi	Unassigned	Unassigned	Unassigned	Unassigned	Unassigned	Unassigned
funOTU_854	Fungi	Unassigned	Unassigned	Unassigned	Unassigned	Unassigned	Unassigned
funOTU_830	Fungi	Basidiomycota	Tremellomycetes	Trichosporonales	Trichosporonaceae	Vanrija	Vanrija_humicola_SH211660.07FU
funOTU_821	Fungi	Ascomycota	Eurotiomycetes	Eurotiales	Aspergillaceae	Aspergillus	Unassigned
funOTU_855	Fungi	Unassigned	Unassigned	Unassigned	Unassigned	Unassigned	Unassigned
funOTU_825	Fungi	Ascomycota	Sordariomycetes	Hypocreales	Unassigned	Unassigned	Unassigned
funOTU_835	Fungi	Ascomycota	Eurotiomycetes	Chaetothyriales	Unassigned	Unassigned	Unassigned
funOTU_833	Fungi	Unassigned	Unassigned	Unassigned	Unassigned	Unassigned	Unassigned
funOTU_850	Fungi	Unassigned	Unassigned	Unassigned	Unassigned	Unassigned	Unassigned
funOTU_861	Fungi	Ascomycota	Unassigned	Unassigned	Unassigned	Unassigned	Unassigned
funOTU_867	Fungi	Unassigned	Unassigned	Unassigned	Unassigned	Unassigned	Unassigned
funOTU_831	Fungi	Unassigned	Unassigned	Unassigned	Unassigned	Unassigned	Unassigned
funOTU_857	Fungi	Ascomycota	Sordariomycetes	Unassigned	Unassigned	Unassigned	Unassigned
funOTU_873	Fungi	Unassigned	Unassigned	Unassigned	Unassigned	Unassigned	Unassigned
funOTU_865	Fungi	Unassigned	Unassigned	Unassigned	Unassigned	Unassigned	Unassigned
funOTU_866	Fungi	Unassigned	Unassigned	Unassigned	Unassigned	Unassigned	Unassigned
funOTU_862	Fungi	Unassigned	Unassigned	Unassigned	Unassigned	Unassigned	Unassigned
funOTU_874	Fungi	Unassigned	Unassigned	Unassigned	Unassigned	Unassigned	Unassigned
funOTU_876	Fungi	Unassigned	Unassigned	Unassigned	Unassigned	Unassigned	Unassigned
funOTU_864	Fungi	Unassigned	Unassigned	Unassigned	Unassigned	Unassigned	Unassigned
funOTU_877	Fungi	Unassigned	Unassigned	Unassigned	Unassigned	Unassigned	Unassigned
funOTU_858	Fungi	Ascomycota	Leotiomycetes	Thelebolales	Thelebolaceae	Unassigned	Unassigned
funOTU_871	Fungi	Ascomycota	Unassigned	Unassigned	Unassigned	Unassigned	Unassigned
funOTU_890	Fungi	Ascomycota	Unassigned	Unassigned	Unassigned	Unassigned	Unassigned
funOTU_884	Fungi	Unassigned	Unassigned	Unassigned	Unassigned	Unassigned	Unassigned
funOTU_887	Fungi	Unassigned	Unassigned	Unassigned	Unassigned	Unassigned	Unassigned
funOTU_892	Fungi	Ascomycota	Eurotiomycetes	Chaetothyriales	Herpotrichiellaceae	Unassigned	Unassigned
funOTU_882	Fungi	Unassigned	Unassigned	Unassigned	Unassigned	Unassigned	Unassigned
funOTU_870	Fungi	Ascomycota	Sordariomycetes	Hypocreales	Hypocreales_fam_Incertae_sedis	Acremonium	Acremonium_acutatum_SH195612.07FU
funOTU_893	Fungi	Unassigned	Unassigned	Unassigned	Unassigned	Unassigned	Unassigned
funOTU_875	Fungi	Unassigned	Unassigned	Unassigned	Unassigned	Unassigned	Unassigned
funOTU_885	Fungi	Basidiomycota	Tremellomycetes	Tremellales	Bulleribasidiaceae	Vishniacozyma	Vishniacozyma_carnescens_SH181629.07FU
funOTU_888	Fungi	Chytridiomycota	Unassigned	Unassigned	Unassigned	Unassigned	Unassigned
funOTU_880	Fungi	Ascomycota	Sordariomycetes	Sordariales	Lasiosphaeriaceae	Unassigned	Unassigned
funOTU_879	Fungi	Unassigned	Unassigned	Unassigned	Unassigned	Unassigned	Unassigned
funOTU_891	Fungi	Unassigned	Unassigned	Unassigned	Unassigned	Unassigned	Unassigned
funOTU_894	Fungi	Ascomycota	Sordariomycetes	Sordariales	Lasiosphaeriaceae	Cladorrhinum	Cladorrhinum_bulbillosum_SH207742.07FU
funOTU_901	Fungi	Ascomycota	Sordariomycetes	Unassigned	Unassigned	Unassigned	Unassigned
funOTU_905	Fungi	Ascomycota	Unassigned	Unassigned	Unassigned	Unassigned	Unassigned
funOTU_897	Fungi	Unassigned	Unassigned	Unassigned	Unassigned	Unassigned	Unassigned
funOTU_895	Fungi	Mortierellomycota	Mortierellomycetes	Mortierellales	Mortierellaceae	Mortierella	Unassigned
funOTU_904	Fungi	Unassigned	Unassigned	Unassigned	Unassigned	Unassigned	Unassigned
funOTU_920	Fungi	Ascomycota	Xylonomycetes	Xylonomycetales	Xylonomycetales_fam_Incertae_sedis	Symbiotaphrina	Symbiotaphrina_kochii_SH021199.07FU
funOTU_906	Fungi	Mucoromycota	Mucoromycetes	Mucorales	Mucoraceae	Actinomucor	Unassigned
funOTU_914	Fungi	Unassigned	Unassigned	Unassigned	Unassigned	Unassigned	Unassigned
funOTU_902	Fungi	Chytridiomycota	Unassigned	Unassigned	Unassigned	Unassigned	Unassigned
funOTU_911	Fungi	Unassigned	Unassigned	Unassigned	Unassigned	Unassigned	Unassigned
funOTU_896	Fungi	Unassigned	Unassigned	Unassigned	Unassigned	Unassigned	Unassigned
funOTU_916	Fungi	Unassigned	Unassigned	Unassigned	Unassigned	Unassigned	Unassigned
funOTU_898	Fungi	Ascomycota	Leotiomycetes	Helotiales	Unassigned	Unassigned	Unassigned
funOTU_910	Fungi	Unassigned	Unassigned	Unassigned	Unassigned	Unassigned	Unassigned
funOTU_915	Fungi	Ascomycota	Unassigned	Unassigned	Unassigned	Unassigned	Unassigned
funOTU_908	Fungi	Unassigned	Unassigned	Unassigned	Unassigned	Unassigned	Unassigned
funOTU_926	Fungi	Ascomycota	Unassigned	Unassigned	Unassigned	Unassigned	Unassigned
funOTU_927	Fungi	Unassigned	Unassigned	Unassigned	Unassigned	Unassigned	Unassigned
funOTU_919	Fungi	Ascomycota	Dothideomycetes	Venturiales	Sympoventuriaceae	Ochroconis	Ochroconis_tshawytschae_SH215774.07FU
funOTU_912	Fungi	Unassigned	Unassigned	Unassigned	Unassigned	Unassigned	Unassigned
funOTU_907	Fungi	Ascomycota	Dothideomycetes	Pleosporales	Phaeosphaeriaceae	Paraphoma	Paraphoma_chrysanthemicola_SH211091.07FU
funOTU_909	Fungi	Unassigned	Unassigned	Unassigned	Unassigned	Unassigned	Unassigned
funOTU_929	Fungi	Unassigned	Unassigned	Unassigned	Unassigned	Unassigned	Unassigned
funOTU_921	Fungi	Ascomycota	Sordariomycetes	Unassigned	Unassigned	Unassigned	Unassigned
funOTU_928	Fungi	Unassigned	Unassigned	Unassigned	Unassigned	Unassigned	Unassigned
funOTU_938	Fungi	Unassigned	Unassigned	Unassigned	Unassigned	Unassigned	Unassigned
funOTU_923	Fungi	Unassigned	Unassigned	Unassigned	Unassigned	Unassigned	Unassigned
funOTU_940	Fungi	Unassigned	Unassigned	Unassigned	Unassigned	Unassigned	Unassigned
funOTU_942	Fungi	Unassigned	Unassigned	Unassigned	Unassigned	Unassigned	Unassigned
funOTU_939	Fungi	Unassigned	Unassigned	Unassigned	Unassigned	Unassigned	Unassigned
funOTU_946	Fungi	Unassigned	Unassigned	Unassigned	Unassigned	Unassigned	Unassigned
funOTU_947	Fungi	Unassigned	Unassigned	Unassigned	Unassigned	Unassigned	Unassigned
funOTU_941	Fungi	Unassigned	Unassigned	Unassigned	Unassigned	Unassigned	Unassigned
funOTU_959	Fungi	Ascomycota	Unassigned	Unassigned	Unassigned	Unassigned	Unassigned
funOTU_935	Fungi	Ascomycota	Sordariomycetes	Unassigned	Unassigned	Unassigned	Unassigned
funOTU_951	Fungi	Unassigned	Unassigned	Unassigned	Unassigned	Unassigned	Unassigned
funOTU_930	Fungi	Unassigned	Unassigned	Unassigned	Unassigned	Unassigned	Unassigned
funOTU_933	Fungi	Unassigned	Unassigned	Unassigned	Unassigned	Unassigned	Unassigned
funOTU_967	Fungi	Ascomycota	Eurotiomycetes	Verrucariales	Verrucariaceae	Verrucaria	Unassigned
funOTU_960	Fungi	Unassigned	Unassigned	Unassigned	Unassigned	Unassigned	Unassigned
funOTU_961	Fungi	Unassigned	Unassigned	Unassigned	Unassigned	Unassigned	Unassigned
funOTU_943	Fungi	Ascomycota	Eurotiomycetes	Eurotiales	Aspergillaceae	Aspergillus	Aspergillus_japonicus_SH205971.07FU
funOTU_964	Fungi	Unassigned	Unassigned	Unassigned	Unassigned	Unassigned	Unassigned
funOTU_970	Fungi	Unassigned	Unassigned	Unassigned	Unassigned	Unassigned	Unassigned
funOTU_955	Fungi	Rozellomycota	Rozellomycota_cls_Incertae_sedis	GS06	Unassigned	Unassigned	Unassigned
funOTU_945	Fungi	Basidiomycota	Agaricomycetes	Agaricales	Psathyrellaceae	Coprinellus	Coprinellus_micaceus_SH220365.07FU
funOTU_924	Fungi	Unassigned	Unassigned	Unassigned	Unassigned	Unassigned	Unassigned
funOTU_952	Fungi	Unassigned	Unassigned	Unassigned	Unassigned	Unassigned	Unassigned
funOTU_956	Fungi	Ascomycota	Sordariomycetes	Hypocreales	Stachybotryaceae	Unassigned	Unassigned
funOTU_969	Fungi	Unassigned	Unassigned	Unassigned	Unassigned	Unassigned	Unassigned
funOTU_944	Fungi	Ascomycota	Eurotiomycetes	Chaetothyriales	Herpotrichiellaceae	Unassigned	Unassigned
funOTU_950	Fungi	Unassigned	Unassigned	Unassigned	Unassigned	Unassigned	Unassigned
funOTU_972	Fungi	Ascomycota	Unassigned	Unassigned	Unassigned	Unassigned	Unassigned
funOTU_966	Fungi	Ascomycota	Sordariomycetes	Hypocreales	Stachybotryaceae	Unassigned	Unassigned
funOTU_971	Fungi	Unassigned	Unassigned	Unassigned	Unassigned	Unassigned	Unassigned
funOTU_973	Fungi	Unassigned	Unassigned	Unassigned	Unassigned	Unassigned	Unassigned
funOTU_982	Fungi	Unassigned	Unassigned	Unassigned	Unassigned	Unassigned	Unassigned
funOTU_975	Fungi	Unassigned	Unassigned	Unassigned	Unassigned	Unassigned	Unassigned
funOTU_981	Fungi	Unassigned	Unassigned	Unassigned	Unassigned	Unassigned	Unassigned
funOTU_962	Fungi	Unassigned	Unassigned	Unassigned	Unassigned	Unassigned	Unassigned
funOTU_985	Fungi	Ascomycota	Unassigned	Unassigned	Unassigned	Unassigned	Unassigned
funOTU_968	Fungi	Ascomycota	Unassigned	Unassigned	Unassigned	Unassigned	Unassigned
funOTU_1001	Fungi	Basidiomycota	Agaricomycetes	Cantharellales	Unassigned	Unassigned	Unassigned
funOTU_986	Fungi	Unassigned	Unassigned	Unassigned	Unassigned	Unassigned	Unassigned
funOTU_976	Fungi	Unassigned	Unassigned	Unassigned	Unassigned	Unassigned	Unassigned
funOTU_996	Fungi	Unassigned	Unassigned	Unassigned	Unassigned	Unassigned	Unassigned
funOTU_979	Fungi	Ascomycota	Orbiliomycetes	Unassigned	Unassigned	Unassigned	Unassigned
funOTU_983	Fungi	Unassigned	Unassigned	Unassigned	Unassigned	Unassigned	Unassigned
funOTU_993	Fungi	Unassigned	Unassigned	Unassigned	Unassigned	Unassigned	Unassigned
funOTU_994	Fungi	Ascomycota	Unassigned	Unassigned	Unassigned	Unassigned	Unassigned
funOTU_978	Fungi	Ascomycota	Sordariomycetes	Sordariales	Lasiosphaeriaceae	Podospora	Unassigned
funOTU_990	Fungi	Unassigned	Unassigned	Unassigned	Unassigned	Unassigned	Unassigned
funOTU_1002	Fungi	Unassigned	Unassigned	Unassigned	Unassigned	Unassigned	Unassigned
funOTU_1007	Fungi	Ascomycota	Unassigned	Unassigned	Unassigned	Unassigned	Unassigned
funOTU_987	Fungi	Ascomycota	Dothideomycetes	Pleosporales	Pleosporaceae	Stemphylium	Stemphylium_herbarum_SH387143.07FU
funOTU_988	Fungi	Unassigned	Unassigned	Unassigned	Unassigned	Unassigned	Unassigned
funOTU_1015	Fungi	Unassigned	Unassigned	Unassigned	Unassigned	Unassigned	Unassigned
funOTU_1013	Fungi	Ascomycota	Unassigned	Unassigned	Unassigned	Unassigned	Unassigned
funOTU_1000	Fungi	Ascomycota	Sordariomycetes	Sordariomycetes_ord_Incertae_sedis	Sordariomycetes_fam_Incertae_sedis	Conlarium	Unassigned
funOTU_1010	Fungi	Ascomycota	Unassigned	Unassigned	Unassigned	Unassigned	Unassigned
funOTU_992	Fungi	Ascomycota	Unassigned	Unassigned	Unassigned	Unassigned	Unassigned
funOTU_1008	Fungi	Unassigned	Unassigned	Unassigned	Unassigned	Unassigned	Unassigned
funOTU_1009	Fungi	Ascomycota	Unassigned	Unassigned	Unassigned	Unassigned	Unassigned
funOTU_1003	Fungi	Ascomycota	Sordariomycetes	Hypocreales	Clavicipitaceae	Metarhizium	Metarhizium_rileyi_SH192580.07FU
funOTU_1011	Fungi	Ascomycota	Sordariomycetes	Glomerellales	Plectosphaerellaceae	Lectera	Lectera_colletotrichoides_SH174361.07FU
funOTU_1014	Fungi	Unassigned	Unassigned	Unassigned	Unassigned	Unassigned	Unassigned
funOTU_1022	Fungi	Unassigned	Unassigned	Unassigned	Unassigned	Unassigned	Unassigned
funOTU_1026	Fungi	Basidiomycota	Agaricomycetes	Agaricales	Unassigned	Unassigned	Unassigned
funOTU_1023	Fungi	Unassigned	Unassigned	Unassigned	Unassigned	Unassigned	Unassigned
funOTU_1029	Fungi	Unassigned	Unassigned	Unassigned	Unassigned	Unassigned	Unassigned
funOTU_1032	Protista	Cercozoa	Unassigned	Unassigned	Unassigned	Unassigned	Unassigned
funOTU_1018	Fungi	Ascomycota	Orbiliomycetes	Orbiliales	Orbiliaceae	Brachyphoris	Brachyphoris_oviparasitica_SH182419.07FU
funOTU_1027	Fungi	Unassigned	Unassigned	Unassigned	Unassigned	Unassigned	Unassigned
funOTU_1017	Fungi	Ascomycota	Eurotiomycetes	Chaetothyriales	Unassigned	Unassigned	Unassigned
funOTU_1019	Fungi	Unassigned	Unassigned	Unassigned	Unassigned	Unassigned	Unassigned
funOTU_1006	Fungi	Ascomycota	Unassigned	Unassigned	Unassigned	Unassigned	Unassigned
funOTU_1024	Fungi	Ascomycota	Dothideomycetes	Pleosporales	Unassigned	Unassigned	Unassigned
funOTU_1030	Fungi	Ascomycota	Unassigned	Unassigned	Unassigned	Unassigned	Unassigned
funOTU_1033	Fungi	Unassigned	Unassigned	Unassigned	Unassigned	Unassigned	Unassigned
funOTU_1037	Fungi	Ascomycota	Unassigned	Unassigned	Unassigned	Unassigned	Unassigned
funOTU_1028	Fungi	Unassigned	Unassigned	Unassigned	Unassigned	Unassigned	Unassigned
funOTU_1034	Fungi	Unassigned	Unassigned	Unassigned	Unassigned	Unassigned	Unassigned
funOTU_1031	Fungi	Ascomycota	Pezizomycetes	Pezizales	Pyronemataceae	Unassigned	Unassigned
funOTU_1035	Fungi	Unassigned	Unassigned	Unassigned	Unassigned	Unassigned	Unassigned
funOTU_1038	Fungi	Ascomycota	Unassigned	Unassigned	Unassigned	Unassigned	Unassigned
funOTU_1042	Fungi	Basidiomycota	Agaricomycetes	Unassigned	Unassigned	Unassigned	Unassigned
funOTU_1039	Fungi	Unassigned	Unassigned	Unassigned	Unassigned	Unassigned	Unassigned
funOTU_1043	Fungi	Unassigned	Unassigned	Unassigned	Unassigned	Unassigned	Unassigned
funOTU_1053	Fungi	Ascomycota	Unassigned	Unassigned	Unassigned	Unassigned	Unassigned
funOTU_1048	Fungi	Unassigned	Unassigned	Unassigned	Unassigned	Unassigned	Unassigned
funOTU_1055	Fungi	Unassigned	Unassigned	Unassigned	Unassigned	Unassigned	Unassigned
funOTU_1036	Fungi	Mortierellomycota	Mortierellomycetes	Mortierellales	Mortierellaceae	Mortierella	Unassigned
funOTU_1051	Fungi	Unassigned	Unassigned	Unassigned	Unassigned	Unassigned	Unassigned
funOTU_1041	Fungi	Unassigned	Unassigned	Unassigned	Unassigned	Unassigned	Unassigned
funOTU_1069	Fungi	Unassigned	Unassigned	Unassigned	Unassigned	Unassigned	Unassigned
funOTU_1065	Fungi	Ascomycota	Unassigned	Unassigned	Unassigned	Unassigned	Unassigned
funOTU_1046	Fungi	Chytridiomycota	Spizellomycetes	Spizellomycetales	Powellomycetaceae	Powellomyces	Unassigned
funOTU_1066	Fungi	Unassigned	Unassigned	Unassigned	Unassigned	Unassigned	Unassigned
funOTU_1063	Fungi	Unassigned	Unassigned	Unassigned	Unassigned	Unassigned	Unassigned
funOTU_1049	Fungi	Ascomycota	Eurotiomycetes	Onygenales	Unassigned	Unassigned	Unassigned
funOTU_1071	Fungi	Unassigned	Unassigned	Unassigned	Unassigned	Unassigned	Unassigned
funOTU_1052	Fungi	Ascomycota	Sordariomycetes	Sordariales	Unassigned	Unassigned	Unassigned
funOTU_1058	Fungi	Unassigned	Unassigned	Unassigned	Unassigned	Unassigned	Unassigned
funOTU_1070	Fungi	Unassigned	Unassigned	Unassigned	Unassigned	Unassigned	Unassigned
funOTU_1081	Fungi	Ascomycota	Unassigned	Unassigned	Unassigned	Unassigned	Unassigned
funOTU_1044	Fungi	Ascomycota	Sordariomycetes	Coniochaetales	Coniochaetaceae	Coniochaeta	Unassigned
funOTU_1078	Fungi	Unassigned	Unassigned	Unassigned	Unassigned	Unassigned	Unassigned
funOTU_1082	Fungi	Unassigned	Unassigned	Unassigned	Unassigned	Unassigned	Unassigned
funOTU_1072	Fungi	Ascomycota	Unassigned	Unassigned	Unassigned	Unassigned	Unassigned
funOTU_1059	Fungi	Ascomycota	Orbiliomycetes	Orbiliales	Orbiliaceae	Dactylella	Dactylella_heptameres_SH192773.07FU
funOTU_1076	Fungi	Ascomycota	Pezizomycetes	Pezizales	Pezizaceae	Unassigned	Unassigned
funOTU_1085	Fungi	Unassigned	Unassigned	Unassigned	Unassigned	Unassigned	Unassigned
funOTU_1090	Fungi	Unassigned	Unassigned	Unassigned	Unassigned	Unassigned	Unassigned
funOTU_1091	Fungi	Unassigned	Unassigned	Unassigned	Unassigned	Unassigned	Unassigned
funOTU_1096	Fungi	Ascomycota	Unassigned	Unassigned	Unassigned	Unassigned	Unassigned
funOTU_1079	Fungi	Ascomycota	Dothideomycetes	Pleosporales	Pleosporaceae	Alternaria	Alternaria_terricola_SH434798.07FU
funOTU_1092	Fungi	Ascomycota	Unassigned	Unassigned	Unassigned	Unassigned	Unassigned
funOTU_1097	Fungi	Unassigned	Unassigned	Unassigned	Unassigned	Unassigned	Unassigned
funOTU_1093	Fungi	Unassigned	Unassigned	Unassigned	Unassigned	Unassigned	Unassigned
funOTU_1100	Fungi	Ascomycota	Unassigned	Unassigned	Unassigned	Unassigned	Unassigned
funOTU_1073	Fungi	Unassigned	Unassigned	Unassigned	Unassigned	Unassigned	Unassigned
funOTU_1109	Fungi	Unassigned	Unassigned	Unassigned	Unassigned	Unassigned	Unassigned
funOTU_1114	Fungi	Ascomycota	Unassigned	Unassigned	Unassigned	Unassigned	Unassigned
funOTU_1115	Fungi	Unassigned	Unassigned	Unassigned	Unassigned	Unassigned	Unassigned
funOTU_1101	Fungi	Unassigned	Unassigned	Unassigned	Unassigned	Unassigned	Unassigned
funOTU_1086	Fungi	Ascomycota	Unassigned	Unassigned	Unassigned	Unassigned	Unassigned
funOTU_1116	Fungi	Ascomycota	Unassigned	Unassigned	Unassigned	Unassigned	Unassigned
funOTU_1113	Fungi	Unassigned	Unassigned	Unassigned	Unassigned	Unassigned	Unassigned
funOTU_1104	Fungi	Aphelidiomycota	Aphelidiomycetes	GS16	Unassigned	Unassigned	Unassigned
funOTU_1089	Fungi	Ascomycota	Dothideomycetes	Botryosphaeriales	Botryosphaeriaceae	Macrophomina	Macrophomina_phaseolina_SH182425.07FU
funOTU_1094	Fungi	Unassigned	Unassigned	Unassigned	Unassigned	Unassigned	Unassigned
funOTU_1099	Fungi	Chytridiomycota	Unassigned	Unassigned	Unassigned	Unassigned	Unassigned
funOTU_1117	Fungi	Unassigned	Unassigned	Unassigned	Unassigned	Unassigned	Unassigned
funOTU_1106	Fungi	Chytridiomycota	Unassigned	Unassigned	Unassigned	Unassigned	Unassigned
funOTU_1105	Fungi	Unassigned	Unassigned	Unassigned	Unassigned	Unassigned	Unassigned
funOTU_1119	Fungi	Unassigned	Unassigned	Unassigned	Unassigned	Unassigned	Unassigned
funOTU_1084	Fungi	Ascomycota	Dothideomycetes	Pleosporales	Leptosphaeriaceae	Leptosphaeria	Unassigned
funOTU_1108	Fungi	Basidiomycota	Agaricomycetes	Agaricales	Marasmiaceae	Marasmius	Marasmius_rotalis_SH631583.07FU
funOTU_1123	Fungi	Unassigned	Unassigned	Unassigned	Unassigned	Unassigned	Unassigned
funOTU_1121	Fungi	Unassigned	Unassigned	Unassigned	Unassigned	Unassigned	Unassigned
funOTU_1120	Fungi	Ascomycota	Unassigned	Unassigned	Unassigned	Unassigned	Unassigned
funOTU_1118	Fungi	Ascomycota	Sordariomycetes	Hypocreales	Hypocreales_fam_Incertae_sedis	Acremonium	Acremonium_alcalophilum_SH206001.07FU
funOTU_1131	Fungi	Ascomycota	Unassigned	Unassigned	Unassigned	Unassigned	Unassigned
funOTU_1125	Fungi	Unassigned	Unassigned	Unassigned	Unassigned	Unassigned	Unassigned
funOTU_1128	Fungi	Unassigned	Unassigned	Unassigned	Unassigned	Unassigned	Unassigned
funOTU_1133	Fungi	Unassigned	Unassigned	Unassigned	Unassigned	Unassigned	Unassigned
funOTU_1098	Fungi	Ascomycota	Sordariomycetes	Hypocreales	Unassigned	Unassigned	Unassigned
funOTU_1138	Fungi	Unassigned	Unassigned	Unassigned	Unassigned	Unassigned	Unassigned
funOTU_1139	Fungi	Unassigned	Unassigned	Unassigned	Unassigned	Unassigned	Unassigned
funOTU_1136	Fungi	Unassigned	Unassigned	Unassigned	Unassigned	Unassigned	Unassigned
funOTU_1129	Fungi	Unassigned	Unassigned	Unassigned	Unassigned	Unassigned	Unassigned
funOTU_1145	Fungi	Ascomycota	Unassigned	Unassigned	Unassigned	Unassigned	Unassigned
funOTU_1144	Fungi	Unassigned	Unassigned	Unassigned	Unassigned	Unassigned	Unassigned
funOTU_1146	Fungi	Unassigned	Unassigned	Unassigned	Unassigned	Unassigned	Unassigned
funOTU_1142	Fungi	Unassigned	Unassigned	Unassigned	Unassigned	Unassigned	Unassigned
funOTU_1150	Fungi	Unassigned	Unassigned	Unassigned	Unassigned	Unassigned	Unassigned
funOTU_1140	Fungi	Unassigned	Unassigned	Unassigned	Unassigned	Unassigned	Unassigned
funOTU_1134	Fungi	Basidiomycota	Unassigned	Unassigned	Unassigned	Unassigned	Unassigned
funOTU_1153	Fungi	Unassigned	Unassigned	Unassigned	Unassigned	Unassigned	Unassigned
funOTU_1155	Fungi	Unassigned	Unassigned	Unassigned	Unassigned	Unassigned	Unassigned
funOTU_1149	Fungi	Unassigned	Unassigned	Unassigned	Unassigned	Unassigned	Unassigned
funOTU_1156	Fungi	Unassigned	Unassigned	Unassigned	Unassigned	Unassigned	Unassigned
funOTU_1161	Fungi	Unassigned	Unassigned	Unassigned	Unassigned	Unassigned	Unassigned
funOTU_1163	Fungi	Ascomycota	Unassigned	Unassigned	Unassigned	Unassigned	Unassigned
funOTU_1157	Fungi	Unassigned	Unassigned	Unassigned	Unassigned	Unassigned	Unassigned
funOTU_1159	Fungi	Unassigned	Unassigned	Unassigned	Unassigned	Unassigned	Unassigned
funOTU_1164	Fungi	Basidiomycota	Agaricomycetes	Unassigned	Unassigned	Unassigned	Unassigned
funOTU_1165	Fungi	Unassigned	Unassigned	Unassigned	Unassigned	Unassigned	Unassigned
funOTU_1167	Fungi	Unassigned	Unassigned	Unassigned	Unassigned	Unassigned	Unassigned
funOTU_1160	Fungi	Ascomycota	Unassigned	Unassigned	Unassigned	Unassigned	Unassigned
funOTU_1151	Fungi	Unassigned	Unassigned	Unassigned	Unassigned	Unassigned	Unassigned
funOTU_1158	Fungi	Unassigned	Unassigned	Unassigned	Unassigned	Unassigned	Unassigned
funOTU_1168	Fungi	Unassigned	Unassigned	Unassigned	Unassigned	Unassigned	Unassigned
funOTU_1147	Fungi	Mortierellomycota	Mortierellomycetes	Mortierellales	Mortierellaceae	Mortierella	Unassigned
funOTU_1148	Fungi	Glomeromycota	Glomeromycetes	Glomerales	Claroideoglomeraceae	Unassigned	Unassigned
funOTU_1173	Fungi	Ascomycota	Unassigned	Unassigned	Unassigned	Unassigned	Unassigned
funOTU_1169	Fungi	Ascomycota	Unassigned	Unassigned	Unassigned	Unassigned	Unassigned
funOTU_1187	Fungi	Basidiomycota	Agaricomycetes	Agaricales	Bolbitiaceae	Cyclocybe	Cyclocybe_cylindracea_SH490676.07FU
funOTU_1178	Fungi	Unassigned	Unassigned	Unassigned	Unassigned	Unassigned	Unassigned
funOTU_1166	Fungi	Ascomycota	Sordariomycetes	Chaetosphaeriales	Chaetosphaeriaceae	Chaetosphaeria	Unassigned
funOTU_1186	Fungi	Unassigned	Unassigned	Unassigned	Unassigned	Unassigned	Unassigned
funOTU_1188	Fungi	Unassigned	Unassigned	Unassigned	Unassigned	Unassigned	Unassigned
funOTU_1182	Fungi	Unassigned	Unassigned	Unassigned	Unassigned	Unassigned	Unassigned
funOTU_1181	Fungi	Ascomycota	Unassigned	Unassigned	Unassigned	Unassigned	Unassigned
funOTU_1197	Fungi	Unassigned	Unassigned	Unassigned	Unassigned	Unassigned	Unassigned
funOTU_1195	Fungi	Unassigned	Unassigned	Unassigned	Unassigned	Unassigned	Unassigned
funOTU_1184	Fungi	Unassigned	Unassigned	Unassigned	Unassigned	Unassigned	Unassigned
funOTU_1192	Fungi	Ascomycota	Unassigned	Unassigned	Unassigned	Unassigned	Unassigned
funOTU_1170	Fungi	Ascomycota	Leotiomycetes	Helotiales	Helotiales_fam_Incertae_sedis	Phialocephala	Phialocephala_humicola_SH181581.07FU
funOTU_1180	Fungi	Ascomycota	Leotiomycetes	Helotiales	Unassigned	Unassigned	Unassigned
funOTU_1196	Fungi	Ascomycota	Unassigned	Unassigned	Unassigned	Unassigned	Unassigned
funOTU_1194	Fungi	Ascomycota	Unassigned	Unassigned	Unassigned	Unassigned	Unassigned
funOTU_1198	Fungi	Unassigned	Unassigned	Unassigned	Unassigned	Unassigned	Unassigned
funOTU_1200	Fungi	Unassigned	Unassigned	Unassigned	Unassigned	Unassigned	Unassigned
funOTU_1199	Fungi	Unassigned	Unassigned	Unassigned	Unassigned	Unassigned	Unassigned
funOTU_1203	Fungi	Unassigned	Unassigned	Unassigned	Unassigned	Unassigned	Unassigned
funOTU_1190	Fungi	Unassigned	Unassigned	Unassigned	Unassigned	Unassigned	Unassigned
funOTU_1201	Fungi	Basidiomycota	Unassigned	Unassigned	Unassigned	Unassigned	Unassigned
funOTU_1193	Fungi	Unassigned	Unassigned	Unassigned	Unassigned	Unassigned	Unassigned
funOTU_1206	Fungi	Unassigned	Unassigned	Unassigned	Unassigned	Unassigned	Unassigned
funOTU_1213	Fungi	Ascomycota	Unassigned	Unassigned	Unassigned	Unassigned	Unassigned
funOTU_1212	Fungi	Unassigned	Unassigned	Unassigned	Unassigned	Unassigned	Unassigned
funOTU_1208	Fungi	Unassigned	Unassigned	Unassigned	Unassigned	Unassigned	Unassigned
funOTU_1202	Fungi	Unassigned	Unassigned	Unassigned	Unassigned	Unassigned	Unassigned
funOTU_1207	Fungi	Unassigned	Unassigned	Unassigned	Unassigned	Unassigned	Unassigned
funOTU_1214	Fungi	Unassigned	Unassigned	Unassigned	Unassigned	Unassigned	Unassigned
funOTU_1215	Fungi	Unassigned	Unassigned	Unassigned	Unassigned	Unassigned	Unassigned
funOTU_1204	Fungi	Unassigned	Unassigned	Unassigned	Unassigned	Unassigned	Unassigned
funOTU_1220	Fungi	Unassigned	Unassigned	Unassigned	Unassigned	Unassigned	Unassigned
funOTU_1205	Fungi	Unassigned	Unassigned	Unassigned	Unassigned	Unassigned	Unassigned
funOTU_1210	Fungi	Ascomycota	Pezizomycetes	Pezizales	Unassigned	Unassigned	Unassigned
funOTU_1224	Fungi	Unassigned	Unassigned	Unassigned	Unassigned	Unassigned	Unassigned
funOTU_1217	Fungi	Chytridiomycota	Unassigned	Unassigned	Unassigned	Unassigned	Unassigned
funOTU_1191	Fungi	Ascomycota	Eurotiomycetes	Unassigned	Unassigned	Unassigned	Unassigned
funOTU_1216	Fungi	Unassigned	Unassigned	Unassigned	Unassigned	Unassigned	Unassigned
funOTU_1225	Fungi	Unassigned	Unassigned	Unassigned	Unassigned	Unassigned	Unassigned
funOTU_1231	Fungi	Ascomycota	Unassigned	Unassigned	Unassigned	Unassigned	Unassigned
funOTU_1228	Fungi	Unassigned	Unassigned	Unassigned	Unassigned	Unassigned	Unassigned
funOTU_1235	Fungi	Ascomycota	Unassigned	Unassigned	Unassigned	Unassigned	Unassigned
funOTU_1237	Fungi	Ascomycota	Unassigned	Unassigned	Unassigned	Unassigned	Unassigned
funOTU_1236	Fungi	Ascomycota	Unassigned	Unassigned	Unassigned	Unassigned	Unassigned
funOTU_1241	Fungi	Ascomycota	Unassigned	Unassigned	Unassigned	Unassigned	Unassigned
funOTU_1223	Fungi	Ascomycota	Orbiliomycetes	Orbiliales	Orbiliaceae	Arthrobotrys	Unassigned
funOTU_1249	Fungi	Unassigned	Unassigned	Unassigned	Unassigned	Unassigned	Unassigned
funOTU_1245	Fungi	Unassigned	Unassigned	Unassigned	Unassigned	Unassigned	Unassigned
funOTU_1242	Fungi	Unassigned	Unassigned	Unassigned	Unassigned	Unassigned	Unassigned
funOTU_1248	Fungi	Ascomycota	Unassigned	Unassigned	Unassigned	Unassigned	Unassigned
funOTU_1238	Fungi	Unassigned	Unassigned	Unassigned	Unassigned	Unassigned	Unassigned
funOTU_1233	Fungi	Ascomycota	Sordariomycetes	Hypocreales	Cordycipitaceae	Unassigned	Unassigned
funOTU_1256	Fungi	Ascomycota	Unassigned	Unassigned	Unassigned	Unassigned	Unassigned
funOTU_1255	Fungi	Unassigned	Unassigned	Unassigned	Unassigned	Unassigned	Unassigned
funOTU_1254	Fungi	Unassigned	Unassigned	Unassigned	Unassigned	Unassigned	Unassigned
funOTU_1227	Fungi	Ascomycota	Orbiliomycetes	Orbiliales	Orbiliaceae	Arthrobotrys	Arthrobotrys_brochopaga_SH215062.07FU
funOTU_1232	Fungi	Ascomycota	Sordariomycetes	Sordariales	Unassigned	Unassigned	Unassigned
funOTU_1251	Fungi	Basidiomycota	Agaricomycetes	Unassigned	Unassigned	Unassigned	Unassigned
funOTU_1239	Fungi	Unassigned	Unassigned	Unassigned	Unassigned	Unassigned	Unassigned
funOTU_1258	Fungi	Unassigned	Unassigned	Unassigned	Unassigned	Unassigned	Unassigned
funOTU_1250	Fungi	Unassigned	Unassigned	Unassigned	Unassigned	Unassigned	Unassigned
funOTU_1257	Fungi	Unassigned	Unassigned	Unassigned	Unassigned	Unassigned	Unassigned
funOTU_1243	Fungi	Ascomycota	Unassigned	Unassigned	Unassigned	Unassigned	Unassigned
funOTU_1244	Fungi	Unassigned	Unassigned	Unassigned	Unassigned	Unassigned	Unassigned
funOTU_1263	Fungi	Unassigned	Unassigned	Unassigned	Unassigned	Unassigned	Unassigned
funOTU_1264	Fungi	Ascomycota	Unassigned	Unassigned	Unassigned	Unassigned	Unassigned
funOTU_1268	Fungi	Ascomycota	Unassigned	Unassigned	Unassigned	Unassigned	Unassigned
funOTU_1265	Fungi	Unassigned	Unassigned	Unassigned	Unassigned	Unassigned	Unassigned
funOTU_1261	Fungi	Unassigned	Unassigned	Unassigned	Unassigned	Unassigned	Unassigned
funOTU_1269	Fungi	Ascomycota	Unassigned	Unassigned	Unassigned	Unassigned	Unassigned
funOTU_1270	Fungi	Unassigned	Unassigned	Unassigned	Unassigned	Unassigned	Unassigned
funOTU_1271	Fungi	Unassigned	Unassigned	Unassigned	Unassigned	Unassigned	Unassigned
funOTU_1259	Fungi	Unassigned	Unassigned	Unassigned	Unassigned	Unassigned	Unassigned
funOTU_1260	Fungi	Ascomycota	Unassigned	Unassigned	Unassigned	Unassigned	Unassigned
funOTU_1272	Fungi	Unassigned	Unassigned	Unassigned	Unassigned	Unassigned	Unassigned
funOTU_1283	Fungi	Unassigned	Unassigned	Unassigned	Unassigned	Unassigned	Unassigned
funOTU_1274	Fungi	Chytridiomycota	Unassigned	Unassigned	Unassigned	Unassigned	Unassigned
funOTU_1286	Fungi	Ascomycota	Unassigned	Unassigned	Unassigned	Unassigned	Unassigned
funOTU_1284	Fungi	Unassigned	Unassigned	Unassigned	Unassigned	Unassigned	Unassigned
funOTU_1277	Fungi	Unassigned	Unassigned	Unassigned	Unassigned	Unassigned	Unassigned
funOTU_1285	Fungi	Unassigned	Unassigned	Unassigned	Unassigned	Unassigned	Unassigned
funOTU_1276	Fungi	Unassigned	Unassigned	Unassigned	Unassigned	Unassigned	Unassigned
funOTU_1275	Fungi	Unassigned	Unassigned	Unassigned	Unassigned	Unassigned	Unassigned
funOTU_1290	Fungi	Unassigned	Unassigned	Unassigned	Unassigned	Unassigned	Unassigned
funOTU_1300	Fungi	Basidiomycota	Unassigned	Unassigned	Unassigned	Unassigned	Unassigned
funOTU_1293	Fungi	Unassigned	Unassigned	Unassigned	Unassigned	Unassigned	Unassigned
funOTU_1296	Fungi	Ascomycota	Unassigned	Unassigned	Unassigned	Unassigned	Unassigned
funOTU_1278	Fungi	Basidiomycota	Agaricomycetes	Polyporales	Unassigned	Unassigned	Unassigned
funOTU_1294	Fungi	Unassigned	Unassigned	Unassigned	Unassigned	Unassigned	Unassigned
funOTU_1295	Fungi	Unassigned	Unassigned	Unassigned	Unassigned	Unassigned	Unassigned
funOTU_1288	Fungi	Ascomycota	Sordariomycetes	Unassigned	Unassigned	Unassigned	Unassigned
funOTU_1301	Fungi	Unassigned	Unassigned	Unassigned	Unassigned	Unassigned	Unassigned
funOTU_1306	Fungi	Ascomycota	Unassigned	Unassigned	Unassigned	Unassigned	Unassigned
funOTU_1287	Fungi	Basidiomycota	Agaricomycetes	Agaricales	Unassigned	Unassigned	Unassigned
funOTU_1308	Fungi	Unassigned	Unassigned	Unassigned	Unassigned	Unassigned	Unassigned
funOTU_1315	Fungi	Unassigned	Unassigned	Unassigned	Unassigned	Unassigned	Unassigned
funOTU_1279	Fungi	Ascomycota	Eurotiomycetes	Chaetothyriales	Herpotrichiellaceae	Cladophialophora	Unassigned
funOTU_1302	Fungi	Unassigned	Unassigned	Unassigned	Unassigned	Unassigned	Unassigned
funOTU_1314	Fungi	Unassigned	Unassigned	Unassigned	Unassigned	Unassigned	Unassigned
funOTU_1303	Fungi	Unassigned	Unassigned	Unassigned	Unassigned	Unassigned	Unassigned
funOTU_1321	Fungi	Ascomycota	Unassigned	Unassigned	Unassigned	Unassigned	Unassigned
funOTU_1311	Fungi	Unassigned	Unassigned	Unassigned	Unassigned	Unassigned	Unassigned
funOTU_1297	Fungi	Basidiomycota	Tremellomycetes	Tremellales	Bulleribasidiaceae	Hannaella	Hannaella_sinensis_SH180504.07FU
funOTU_1318	Fungi	Zoopagomycota	Zoopagomycetes	Zoopagales	Piptocephalidaceae	Syncephalis	Unassigned
funOTU_1324	Fungi	Unassigned	Unassigned	Unassigned	Unassigned	Unassigned	Unassigned
funOTU_1323	Fungi	Unassigned	Unassigned	Unassigned	Unassigned	Unassigned	Unassigned
funOTU_1325	Fungi	Unassigned	Unassigned	Unassigned	Unassigned	Unassigned	Unassigned
funOTU_1320	Fungi	Basidiomycota	Agaricomycetes	Unassigned	Unassigned	Unassigned	Unassigned
funOTU_1328	Fungi	Ascomycota	Unassigned	Unassigned	Unassigned	Unassigned	Unassigned
funOTU_1299	Fungi	Ascomycota	Sordariomycetes	Sordariales	Unassigned	Unassigned	Unassigned
funOTU_1316	Fungi	Unassigned	Unassigned	Unassigned	Unassigned	Unassigned	Unassigned
funOTU_1336	Fungi	Unassigned	Unassigned	Unassigned	Unassigned	Unassigned	Unassigned
funOTU_1335	Fungi	Unassigned	Unassigned	Unassigned	Unassigned	Unassigned	Unassigned
funOTU_1322	Fungi	Unassigned	Unassigned	Unassigned	Unassigned	Unassigned	Unassigned
funOTU_1327	Fungi	Ascomycota	Eurotiomycetes	Unassigned	Unassigned	Unassigned	Unassigned
funOTU_1334	Fungi	Unassigned	Unassigned	Unassigned	Unassigned	Unassigned	Unassigned
funOTU_1337	Fungi	Unassigned	Unassigned	Unassigned	Unassigned	Unassigned	Unassigned
funOTU_1317	Fungi	Ascomycota	Unassigned	Unassigned	Unassigned	Unassigned	Unassigned
funOTU_1344	Fungi	Unassigned	Unassigned	Unassigned	Unassigned	Unassigned	Unassigned
funOTU_1350	Fungi	Unassigned	Unassigned	Unassigned	Unassigned	Unassigned	Unassigned
funOTU_1351	Fungi	Unassigned	Unassigned	Unassigned	Unassigned	Unassigned	Unassigned
funOTU_1330	Fungi	Ascomycota	Saccharomycetes	Saccharomycetales	Dipodascaceae	Unassigned	Unassigned
funOTU_1342	Fungi	Unassigned	Unassigned	Unassigned	Unassigned	Unassigned	Unassigned
funOTU_1332	Fungi	Ascomycota	Sordariomycetes	Hypocreales	Hypocreales_fam_Incertae_sedis	Unassigned	Unassigned
funOTU_1341	Fungi	Unassigned	Unassigned	Unassigned	Unassigned	Unassigned	Unassigned
funOTU_1348	Fungi	Unassigned	Unassigned	Unassigned	Unassigned	Unassigned	Unassigned
funOTU_1339	Fungi	Unassigned	Unassigned	Unassigned	Unassigned	Unassigned	Unassigned
funOTU_1357	Fungi	Unassigned	Unassigned	Unassigned	Unassigned	Unassigned	Unassigned
funOTU_1355	Fungi	Unassigned	Unassigned	Unassigned	Unassigned	Unassigned	Unassigned
funOTU_1358	Fungi	Ascomycota	Unassigned	Unassigned	Unassigned	Unassigned	Unassigned
funOTU_1352	Fungi	Unassigned	Unassigned	Unassigned	Unassigned	Unassigned	Unassigned
funOTU_1345	Fungi	Basidiomycota	Unassigned	Unassigned	Unassigned	Unassigned	Unassigned
funOTU_1356	Fungi	Unassigned	Unassigned	Unassigned	Unassigned	Unassigned	Unassigned
funOTU_1346	Fungi	Glomeromycota	Glomeromycetes	Glomerales	Glomeraceae	Unassigned	Unassigned
funOTU_1347	Fungi	Ascomycota	Eurotiomycetes	Chaetothyriales	Unassigned	Unassigned	Unassigned
funOTU_1354	Fungi	Ascomycota	Sordariomycetes	Microascales	Microascaceae	Microascus	Unassigned
funOTU_1361	Fungi	Unassigned	Unassigned	Unassigned	Unassigned	Unassigned	Unassigned
funOTU_1338	Fungi	Ascomycota	Saccharomycetes	Saccharomycetales	Dipodascaceae	Unassigned	Unassigned
funOTU_1331	Fungi	Unassigned	Unassigned	Unassigned	Unassigned	Unassigned	Unassigned
funOTU_1363	Fungi	Unassigned	Unassigned	Unassigned	Unassigned	Unassigned	Unassigned
funOTU_1353	Fungi	Unassigned	Unassigned	Unassigned	Unassigned	Unassigned	Unassigned
funOTU_1360	Fungi	Basidiomycota	Tremellomycetes	Tremellales	Bulleraceae	Bullera	Bullera_alba_SH215453.07FU
funOTU_1362	Fungi	Basidiomycota	Microbotryomycetes	Sporidiobolales	Sporidiobolaceae	Sporobolomyces	Sporobolomyces_carnicolor_SH194979.07FU
