OTUID	Kingdom	Phylum	Class	Order	Family	Genus	Species
OTU_1	Fungi	Unassigned	Unassigned	Unassigned	Unassigned	Unassigned	Unassigned
OTU_46	Fungi	Ascomycota	Sordariomycetes	Unassigned	Unassigned	Unassigned	Unassigned
OTU_4	Fungi	Ascomycota	Sordariomycetes	Hypocreales	Hypocreales_fam_Incertae_sedis	Unassigned	Unassigned
OTU_25	Fungi	Basidiomycota	Tremellomycetes	Holtermanniales	Holtermanniales_fam_Incertae_sedis	Holtermanniella	Holtermanniella_takashimae_SH526070.07FU
OTU_12	Fungi	Ascomycota	Unassigned	Unassigned	Unassigned	Unassigned	Unassigned
OTU_26	Fungi	Ascomycota	Sordariomycetes	Hypocreales	Clavicipitaceae	Unassigned	Unassigned
OTU_41	Fungi	Ascomycota	Sordariomycetes	Sordariales	Unassigned	Unassigned	Unassigned
OTU_30	Fungi	Ascomycota	Leotiomycetes	Helotiales	Unassigned	Unassigned	Unassigned
OTU_50	Fungi	Ascomycota	Sordariomycetes	Sordariales	Chaetomiaceae	Unassigned	Unassigned
OTU_47	Fungi	Ascomycota	Sordariomycetes	Sordariales	Chaetomiaceae	Unassigned	Unassigned
OTU_45	Fungi	Ascomycota	Dothideomycetes	Pleosporales	Pleosporaceae	Bipolaris	Unassigned
OTU_49	Fungi	Olpidiomycota	Olpidiomycetes	Olpidiales	Unassigned	Unassigned	Unassigned
OTU_7	Fungi	Ascomycota	Leotiomycetes	Leotiomycetes_ord_Incertae_sedis	Leotiomycetes_fam_Incertae_sedis	Scytalidium	Scytalidium_circinatum_SH218618.07FU
OTU_17	Fungi	Ascomycota	Sordariomycetes	Hypocreales	Hypocreales_fam_Incertae_sedis	Acremonium	Acremonium_dichromosporum_SH217330.07FU
OTU_20	Fungi	Ascomycota	Dothideomycetes	Pleosporales	Phaeosphaeriaceae	Unassigned	Unassigned
OTU_48	Fungi	Ascomycota	Sordariomycetes	Hypocreales	Bionectriaceae	Unassigned	Unassigned
OTU_35	Fungi	Ascomycota	Dothideomycetes	Unassigned	Unassigned	Unassigned	Unassigned
OTU_23	Fungi	Mortierellomycota	Mortierellomycetes	Mortierellales	Unassigned	Unassigned	Unassigned
OTU_44	Fungi	Ascomycota	Eurotiomycetes	Eurotiales	Aspergillaceae	Penicillium	Unassigned
OTU_29	Fungi	Ascomycota	Eurotiomycetes	Chaetothyriales	Herpotrichiellaceae	Unassigned	Unassigned
OTU_61	Fungi	Ascomycota	Eurotiomycetes	Eurotiales	Aspergillaceae	Penicillium	Unassigned
OTU_22	Fungi	Mortierellomycota	Mortierellomycetes	Mortierellales	Mortierellaceae	Mortierella	Unassigned
OTU_27	Fungi	Ascomycota	Eurotiomycetes	Eurotiales	Trichocomaceae	Talaromyces	Talaromyces_purpureogenus_SH209381.07FU
OTU_19	Fungi	Ascomycota	Sordariomycetes	Hypocreales	Stachybotryaceae	Unassigned	Unassigned
OTU_51	Fungi	Mortierellomycota	Mortierellomycetes	Mortierellales	Mortierellaceae	Mortierella	Mortierella_alpina_SH183636.07FU
OTU_34	Fungi	Ascomycota	Leotiomycetes	Helotiales	Myxotrichaceae	Oidiodendron	Oidiodendron_cereale_SH217010.07FU
OTU_28	Fungi	Ascomycota	Sordariomycetes	Sordariales	Chaetomiaceae	Chaetomium	Chaetomium_erectum_SH195308.07FU
OTU_63	Fungi	Ascomycota	Dothideomycetes	Pleosporales	Pleosporaceae	Edenia	Edenia_gomezpompae_SH188231.07FU
OTU_21	Fungi	Ascomycota	Sordariomycetes	Hypocreales	Nectriaceae	Unassigned	Unassigned
OTU_9	Fungi	Ascomycota	Sordariomycetes	Hypocreales	Nectriaceae	Gibberella	Gibberella_fujikuroi_SH631251.07FU
OTU_55	Fungi	Ascomycota	Sordariomycetes	Magnaporthales	Magnaporthaceae	Unassigned	Unassigned
OTU_53	Fungi	Ascomycota	Leotiomycetes	Helotiales	Unassigned	Unassigned	Unassigned
OTU_72	Fungi	Ascomycota	Eurotiomycetes	Eurotiales	Aspergillaceae	Penicillium	Unassigned
OTU_76	Fungi	Mucoromycota	Mucoromycetes	Mucorales	Rhizopodaceae	Rhizopus	Unassigned
OTU_64	Fungi	Ascomycota	Unassigned	Unassigned	Unassigned	Unassigned	Unassigned
OTU_113	Fungi	Ascomycota	Unassigned	Unassigned	Unassigned	Unassigned	Unassigned
OTU_71	Fungi	Basidiomycota	Agaricomycetes	Agaricales	Unassigned	Unassigned	Unassigned
OTU_109	Fungi	Ascomycota	Unassigned	Unassigned	Unassigned	Unassigned	Unassigned
OTU_115	Fungi	Ascomycota	Sordariomycetes	Hypocreales	Unassigned	Unassigned	Unassigned
OTU_117	Fungi	Ascomycota	Eurotiomycetes	Eurotiales	Unassigned	Unassigned	Unassigned
OTU_123	Fungi	Ascomycota	Dothideomycetes	Pleosporales	Phaeosphaeriaceae	Unassigned	Unassigned
OTU_73	Fungi	Basidiomycota	Agaricomycetes	Agaricales	Strophariaceae	Unassigned	Unassigned
OTU_80	Fungi	Ascomycota	Sordariomycetes	Myrmecridiales	Myrmecridiaceae	Myrmecridium	Unassigned
OTU_75	Fungi	Ascomycota	Sordariomycetes	Sordariales	Unassigned	Unassigned	Unassigned
OTU_79	Fungi	Ascomycota	Sordariomycetes	Hypocreales	Hypocreaceae	Trichoderma	Unassigned
OTU_86	Fungi	Basidiomycota	Agaricomycetes	Cantharellales	Cantharellales_fam_Incertae_sedis	Minimedusa	Minimedusa_polyspora_SH545231.07FU
OTU_107	Fungi	Ascomycota	Sordariomycetes	Melanosporales	Melanosporaceae	Melanospora	Unassigned
OTU_96	Fungi	Ascomycota	Sordariomycetes	Hypocreales	Stachybotryaceae	Myrothecium	Unassigned
OTU_97	Fungi	Ascomycota	Dothideomycetes	Pleosporales	Lentitheciaceae	Poaceascoma	Poaceascoma_helicoides_SH211391.07FU
OTU_92	Fungi	Ascomycota	Sordariomycetes	Sordariales	Unassigned	Unassigned	Unassigned
OTU_95	Fungi	Ascomycota	Sordariomycetes	Hypocreales	Hypocreaceae	Trichoderma	Unassigned
OTU_100	Fungi	Ascomycota	Sordariomycetes	Hypocreales	Hypocreales_fam_Incertae_sedis	Acremonium	Acremonium_implicatum_SH210205.07FU
OTU_110	Fungi	Ascomycota	Sordariomycetes	Sordariales	Sordariaceae	Unassigned	Unassigned
OTU_137	Fungi	Ascomycota	Unassigned	Unassigned	Unassigned	Unassigned	Unassigned
OTU_83	Fungi	Ascomycota	Unassigned	Unassigned	Unassigned	Unassigned	Unassigned
OTU_108	Fungi	Ascomycota	Saccharomycetes	Unassigned	Unassigned	Unassigned	Unassigned
OTU_102	Fungi	Ascomycota	Eurotiomycetes	Chaetothyriales	Herpotrichiellaceae	Exophiala	Unassigned
OTU_125	Fungi	Basidiomycota	Agaricomycetes	Agaricales	Nidulariaceae	Cyathus	Cyathus_stercoreus_SH216747.07FU
OTU_126	Fungi	Ascomycota	Dothideomycetes	Pleosporales	Lentitheciaceae	Darksidea	Unassigned
OTU_118	Fungi	Ascomycota	Sordariomycetes	Unassigned	Unassigned	Unassigned	Unassigned
OTU_119	Fungi	Basidiomycota	Agaricomycetes	Cantharellales	Ceratobasidiaceae	Unassigned	Unassigned
OTU_111	Fungi	Basidiomycota	Agaricomycetes	Auriculariales	Exidiaceae	Unassigned	Unassigned
OTU_139	Fungi	Ascomycota	Dothideomycetes	Pleosporales	Pleosporaceae	Curvularia	Curvularia_lunata_SH187631.07FU
OTU_124	Fungi	Ascomycota	Eurotiomycetes	Chaetothyriales	Cyphellophoraceae	Cyphellophora	Cyphellophora_laciniata_SH197858.07FU
OTU_140	Fungi	Ascomycota	Sordariomycetes	Hypocreales	Nectriaceae	Fusicolla	Fusicolla_acetilerea_SH175301.07FU
OTU_132	Fungi	Ascomycota	Eurotiomycetes	Chaetothyriales	Cyphellophoraceae	Cyphellophora	Unassigned
OTU_141	Fungi	Ascomycota	Unassigned	Unassigned	Unassigned	Unassigned	Unassigned
OTU_146	Fungi	Mortierellomycota	Mortierellomycetes	Mortierellales	Mortierellaceae	Mortierella	Mortierella_ambigua_SH201571.07FU
OTU_133	Fungi	Ascomycota	Eurotiomycetes	Chaetothyriales	Herpotrichiellaceae	Unassigned	Unassigned
OTU_152	Fungi	Ascomycota	Sordariomycetes	Hypocreales	Stachybotryaceae	Stachybotrys	Stachybotrys_microspora_SH209073.07FU
OTU_147	Fungi	Basidiomycota	Tremellomycetes	Unassigned	Unassigned	Unassigned	Unassigned
OTU_176	Fungi	Basidiomycota	Agaricomycetes	Agaricales	Unassigned	Unassigned	Unassigned
OTU_143	Fungi	Ascomycota	Sordariomycetes	Hypocreales	Hypocreaceae	Trichoderma	Trichoderma_turrialbense_SH177684.07FU
OTU_187	Fungi	Basidiomycota	Agaricomycetes	Unassigned	Unassigned	Unassigned	Unassigned
OTU_153	Fungi	Ascomycota	Sordariomycetes	Sordariales	Lasiosphaeriaceae	Podospora	Unassigned
OTU_158	Fungi	Ascomycota	Sordariomycetes	Myrmecridiales	Myrmecridiaceae	Myrmecridium	Unassigned
OTU_154	Fungi	Ascomycota	Sordariomycetes	Sordariales	Sordariaceae	Unassigned	Unassigned
OTU_150	Fungi	Ascomycota	Unassigned	Unassigned	Unassigned	Unassigned	Unassigned
OTU_155	Fungi	Basidiomycota	Agaricomycetes	Agaricales	Bolbitiaceae	Panaeolus	Panaeolus_subfirmus_SH178700.07FU
OTU_197	Fungi	Ascomycota	Eurotiomycetes	Eurotiales	Unassigned	Unassigned	Unassigned
OTU_179	Fungi	Mucoromycota	Mucoromycetes	Mucorales	Choanephoraceae	Choanephora	Choanephora_cucurbitarum_SH190293.07FU
OTU_161	Fungi	Ascomycota	Eurotiomycetes	Chaetothyriales	Unassigned	Unassigned	Unassigned
OTU_206	Fungi	Ascomycota	Sordariomycetes	Xylariales	Microdochiaceae	Microdochium	Unassigned
OTU_166	Fungi	Ascomycota	Sordariomycetes	Sordariales	Sordariales_fam_Incertae_sedis	Staphylotrichum	Staphylotrichum_coccosporum_SH195313.07FU
OTU_160	Fungi	Ascomycota	Unassigned	Unassigned	Unassigned	Unassigned	Unassigned
OTU_165	Fungi	Ascomycota	Sordariomycetes	Sordariales	Lasiosphaeriaceae	Unassigned	Unassigned
OTU_168	Fungi	Ascomycota	Unassigned	Unassigned	Unassigned	Unassigned	Unassigned
OTU_174	Fungi	Ascomycota	Eurotiomycetes	Eurotiales	Trichocomaceae	Sagenomella	Sagenomella_oligospora_SH210945.07FU
OTU_163	Fungi	Ascomycota	Leotiomycetes	Unassigned	Unassigned	Unassigned	Unassigned
OTU_173	Fungi	Ascomycota	Sordariomycetes	Hypocreales	Clavicipitaceae	Collarina	Collarina_aurantiaca_SH214978.07FU
OTU_180	Fungi	Basidiomycota	Agaricomycetes	Geastrales	Geastraceae	Unassigned	Unassigned
OTU_209	Fungi	Ascomycota	Dothideomycetes	Venturiales	Sympoventuriaceae	Scolecobasidium	Scolecobasidium_constrictum_SH024812.07FU
OTU_211	Fungi	Ascomycota	Dothideomycetes	Pleosporales	Pleosporales_fam_Incertae_sedis	Latorua	Latorua_caligans_SH212864.07FU
OTU_192	Fungi	Ascomycota	Sordariomycetes	Sordariales	Sordariaceae	Sordaria	Sordaria_fimicola_SH253710.07FU
OTU_218	Fungi	Basidiomycota	Agaricomycetes	Unassigned	Unassigned	Unassigned	Unassigned
OTU_201	Fungi	Ascomycota	Unassigned	Unassigned	Unassigned	Unassigned	Unassigned
OTU_214	Fungi	Basidiomycota	Agaricomycetes	Unassigned	Unassigned	Unassigned	Unassigned
OTU_191	Fungi	Ascomycota	Dothideomycetes	Pleosporales	Tetraplosphaeriaceae	Tetraplosphaeria	Unassigned
OTU_185	Fungi	Ascomycota	Dothideomycetes	Pleosporales	Didymellaceae	Unassigned	Unassigned
OTU_220	Fungi	Ascomycota	Sordariomycetes	Magnaporthales	Magnaporthaceae	Magnaporthiopsis	Magnaporthiopsis_incrustans_SH174127.07FU
OTU_181	Fungi	Ascomycota	Eurotiomycetes	Eurotiales	Aspergillaceae	Penicillium	Unassigned
OTU_193	Fungi	Ascomycota	Sordariomycetes	Hypocreales	Unassigned	Unassigned	Unassigned
OTU_222	Fungi	Ascomycota	Unassigned	Unassigned	Unassigned	Unassigned	Unassigned
OTU_207	Fungi	Basidiomycota	Agaricomycetes	Cantharellales	Ceratobasidiaceae	Unassigned	Unassigned
OTU_223	Fungi	Ascomycota	Sordariomycetes	Hypocreales	Unassigned	Unassigned	Unassigned
OTU_213	Fungi	Ascomycota	Dothideomycetes	Pleosporales	Unassigned	Unassigned	Unassigned
OTU_232	Fungi	Basidiomycota	Agaricomycetes	Auriculariales	Auriculariaceae	Unassigned	Unassigned
OTU_242	Fungi	Ascomycota	Sordariomycetes	Myrmecridiales	Myrmecridiaceae	Myrmecridium	Myrmecridium_thailandicum_SH218828.07FU
OTU_275	Fungi	Ascomycota	Dothideomycetes	Pleosporales	Phaeosphaeriaceae	Unassigned	Unassigned
OTU_270	Fungi	Basidiomycota	Agaricomycetes	Cantharellales	Ceratobasidiaceae	Ceratobasidium	Unassigned
OTU_269	Fungi	Basidiomycota	Unassigned	Unassigned	Unassigned	Unassigned	Unassigned
OTU_227	Fungi	Ascomycota	Dothideomycetes	Pleosporales	Unassigned	Unassigned	Unassigned
OTU_285	Fungi	Mortierellomycota	Mortierellomycetes	Mortierellales	Mortierellaceae	Mortierella	Unassigned
OTU_279	Fungi	Ascomycota	Sordariomycetes	Sordariales	Lasiosphaeriaceae	Cladorrhinum	Unassigned
OTU_226	Fungi	Basidiomycota	Agaricomycetes	Agaricales	Psathyrellaceae	Coprinopsis	Coprinopsis_vermiculifer_SH030841.07FU
OTU_224	Fungi	Ascomycota	Sordariomycetes	Hypocreales	Unassigned	Unassigned	Unassigned
OTU_228	Fungi	Ascomycota	Sordariomycetes	Sordariales	Lasiosphaeriaceae	Podospora	Unassigned
OTU_246	Fungi	Ascomycota	Sordariomycetes	Glomerellales	Glomerellaceae	Colletotrichum	Colletotrichum_lilii_SH261149.07FU
OTU_258	Fungi	Basidiomycota	Agaricostilbomycetes	Agaricostilbales	Chionosphaeraceae	Kurtzmanomyces	Unassigned
OTU_239	Fungi	Ascomycota	Sordariomycetes	Hypocreales	Hypocreales_fam_Incertae_sedis	Acremonium	Acremonium_persicinum_SH207979.07FU
OTU_243	Fungi	Ascomycota	Sordariomycetes	Hypocreales	Unassigned	Unassigned	Unassigned
OTU_233	Fungi	Basidiomycota	Agaricomycetes	Auriculariales	Unassigned	Unassigned	Unassigned
OTU_251	Fungi	Basidiomycota	Unassigned	Unassigned	Unassigned	Unassigned	Unassigned
OTU_229	Fungi	Ascomycota	Leotiomycetes	Helotiales	Unassigned	Unassigned	Unassigned
OTU_300	Fungi	Mortierellomycota	Mortierellomycetes	Mortierellales	Mortierellaceae	Mortierella	Unassigned
OTU_264	Fungi	Mortierellomycota	Mortierellomycetes	Mortierellales	Mortierellaceae	Mortierella	Unassigned
OTU_255	Fungi	Mortierellomycota	Mortierellomycetes	Mortierellales	Mortierellaceae	Mortierella	Unassigned
OTU_249	Fungi	Ascomycota	Dothideomycetes	Pleosporales	Unassigned	Unassigned	Unassigned
OTU_272	Fungi	Basidiomycota	Agaricomycetes	Agaricales	Psathyrellaceae	Coprinopsis	Unassigned
OTU_263	Fungi	Ascomycota	Sordariomycetes	Sordariales	Unassigned	Unassigned	Unassigned
OTU_287	Fungi	Basidiomycota	Unassigned	Unassigned	Unassigned	Unassigned	Unassigned
OTU_284	Fungi	Ascomycota	Sordariomycetes	Sordariales	Unassigned	Unassigned	Unassigned
OTU_305	Fungi	Ascomycota	Pezizomycetes	Pezizales	Pyronemataceae	Pseudaleuria	Unassigned
OTU_280	Fungi	Mortierellomycota	Mortierellomycetes	Mortierellales	Mortierellaceae	Mortierella	Mortierella_fimbricystis_SH187864.07FU
OTU_307	Fungi	Ascomycota	Eurotiomycetes	Chaetothyriales	Cyphellophoraceae	Cyphellophora	Unassigned
OTU_278	Fungi	Ascomycota	Sordariomycetes	Unassigned	Unassigned	Unassigned	Unassigned
OTU_290	Fungi	Ascomycota	Dothideomycetes	Pleosporales	Pleosporaceae	Curvularia	Unassigned
OTU_310	Fungi	Ascomycota	Sordariomycetes	Hypocreales	Unassigned	Unassigned	Unassigned
OTU_312	Fungi	Basidiomycota	Ustilaginomycetes	Ustilaginales	Ustilaginaceae	Pseudozyma	Pseudozyma_prolifica_SH413015.07FU
OTU_288	Fungi	Ascomycota	Saccharomycetes	Saccharomycetales	Saccharomycetales_fam_Incertae_sedis	Candida	Candida_tropicalis_SH018611.07FU
OTU_314	Fungi	Ascomycota	Sordariomycetes	Unassigned	Unassigned	Unassigned	Unassigned
OTU_311	Fungi	Ascomycota	Dothideomycetes	Capnodiales	Mycosphaerellaceae	Cercospora	Cercospora_coniogrammes_SH278817.07FU
OTU_303	Fungi	Ascomycota	Saccharomycetes	Saccharomycetales	Unassigned	Unassigned	Unassigned
OTU_293	Fungi	Ascomycota	Dothideomycetes	Unassigned	Unassigned	Unassigned	Unassigned
OTU_316	Fungi	Mortierellomycota	Mortierellomycetes	Mortierellales	Mortierellaceae	Mortierella	Unassigned
OTU_386	Fungi	Ascomycota	Unassigned	Unassigned	Unassigned	Unassigned	Unassigned
OTU_346	Fungi	Ascomycota	Pezizomycetes	Pezizales	Unassigned	Unassigned	Unassigned
OTU_335	Fungi	Ascomycota	Sordariomycetes	Xylariales	Unassigned	Unassigned	Unassigned
OTU_322	Fungi	Basidiomycota	Agaricomycetes	Auriculariales	Unassigned	Unassigned	Unassigned
OTU_333	Fungi	Mortierellomycota	Mortierellomycetes	Mortierellales	Mortierellaceae	Mortierella	Unassigned
OTU_317	Fungi	Ascomycota	Sordariomycetes	Sordariales	Lasiosphaeriaceae	Cladorrhinum	Unassigned
OTU_327	Fungi	Ascomycota	Pezizomycetes	Pezizales	Pyronemataceae	Unassigned	Unassigned
OTU_375	Fungi	Ascomycota	Dothideomycetes	Venturiales	Sympoventuriaceae	Ochroconis	Ochroconis_minima_SH207896.07FU
OTU_320	Fungi	Ascomycota	Dothideomycetes	Unassigned	Unassigned	Unassigned	Unassigned
OTU_324	Fungi	Ascomycota	Eurotiomycetes	Eurotiales	Aspergillaceae	Aspergillus	Aspergillus_keveii_SH186281.07FU
OTU_313	Fungi	Ascomycota	Eurotiomycetes	Eurotiales	Aspergillaceae	Penicillium	Unassigned
OTU_399	Fungi	Ascomycota	Sordariomycetes	Hypocreales	Stachybotryaceae	Unassigned	Unassigned
OTU_345	Fungi	Ascomycota	Sordariomycetes	Hypocreales	Unassigned	Unassigned	Unassigned
OTU_410	Fungi	Ascomycota	Sordariomycetes	Coniochaetales	Coniochaetaceae	Unassigned	Unassigned
OTU_420	Fungi	Mortierellomycota	Mortierellomycetes	Mortierellales	Mortierellaceae	Mortierella	Unassigned
OTU_342	Fungi	Ascomycota	Sordariomycetes	Hypocreales	Clavicipitaceae	Unassigned	Unassigned
OTU_415	Fungi	Ascomycota	Leotiomycetes	Helotiales	Myxotrichaceae	Oidiodendron	Unassigned
OTU_377	Fungi	Basidiomycota	Agaricomycetes	Agaricales	Hygrophoraceae	Unassigned	Unassigned
OTU_362	Fungi	Ascomycota	Orbiliomycetes	Unassigned	Unassigned	Unassigned	Unassigned
OTU_352	Fungi	Ascomycota	Sordariomycetes	Sordariales	Sordariales_fam_Incertae_sedis	Madurella	Unassigned
OTU_347	Fungi	Ascomycota	Sordariomycetes	Hypocreales	Unassigned	Unassigned	Unassigned
OTU_437	Fungi	Ascomycota	Unassigned	Unassigned	Unassigned	Unassigned	Unassigned
OTU_424	Fungi	Ascomycota	Sordariomycetes	Hypocreales	Nectriaceae	Unassigned	Unassigned
OTU_443	Fungi	Ascomycota	Unassigned	Unassigned	Unassigned	Unassigned	Unassigned
OTU_372	Fungi	Ascomycota	Sordariomycetes	Coniochaetales	Coniochaetaceae	Coniochaeta	Unassigned
OTU_353	Fungi	Ascomycota	Sordariomycetes	Hypocreales	Unassigned	Unassigned	Unassigned
OTU_338	Fungi	Ascomycota	Unassigned	Unassigned	Unassigned	Unassigned	Unassigned
OTU_407	Fungi	Ascomycota	Unassigned	Unassigned	Unassigned	Unassigned	Unassigned
OTU_441	Fungi	Ascomycota	Sordariomycetes	Unassigned	Unassigned	Unassigned	Unassigned
OTU_397	Fungi	Ascomycota	Dothideomycetes	Pleosporales	Unassigned	Unassigned	Unassigned
OTU_444	Fungi	Chytridiomycota	Unassigned	Unassigned	Unassigned	Unassigned	Unassigned
OTU_416	Fungi	Ascomycota	Orbiliomycetes	Orbiliales	Orbiliaceae	Unassigned	Unassigned
OTU_400	Fungi	Ascomycota	Orbiliomycetes	Orbiliales	Orbiliaceae	Unassigned	Unassigned
OTU_429	Fungi	Ascomycota	Saccharomycetes	Saccharomycetales	Unassigned	Unassigned	Unassigned
OTU_454	Fungi	Ascomycota	Unassigned	Unassigned	Unassigned	Unassigned	Unassigned
OTU_497	Fungi	Ascomycota	Unassigned	Unassigned	Unassigned	Unassigned	Unassigned
OTU_491	Fungi	Ascomycota	Sordariomycetes	Unassigned	Unassigned	Unassigned	Unassigned
OTU_450	Fungi	Kickxellomycota	Kickxellomycetes	Kickxellales	Kickxellaceae	Ramicandelaber	Ramicandelaber_longisporus_SH001831.07FU
OTU_522	Fungi	Ascomycota	Unassigned	Unassigned	Unassigned	Unassigned	Unassigned
OTU_483	Fungi	Ascomycota	Sordariomycetes	Hypocreales	Cordycipitaceae	Unassigned	Unassigned
OTU_449	Fungi	Chytridiomycota	Unassigned	Unassigned	Unassigned	Unassigned	Unassigned
OTU_489	Fungi	Ascomycota	Sordariomycetes	Hypocreales	Nectriaceae	Unassigned	Unassigned
OTU_513	Fungi	Ascomycota	Unassigned	Unassigned	Unassigned	Unassigned	Unassigned
OTU_482	Fungi	Chytridiomycota	Unassigned	Unassigned	Unassigned	Unassigned	Unassigned
OTU_448	Fungi	Basidiomycota	Tremellomycetes	Tremellales	Trimorphomycetaceae	Saitozyma	Unassigned
OTU_543	Fungi	Basidiomycota	Unassigned	Unassigned	Unassigned	Unassigned	Unassigned
OTU_447	Fungi	Ascomycota	Saccharomycetes	Saccharomycetales	Dipodascaceae	Unassigned	Unassigned
OTU_515	Fungi	Ascomycota	Sordariomycetes	Unassigned	Unassigned	Unassigned	Unassigned
OTU_496	Fungi	Chytridiomycota	Unassigned	Unassigned	Unassigned	Unassigned	Unassigned
OTU_461	Fungi	Ascomycota	Leotiomycetes	Helotiales	Unassigned	Unassigned	Unassigned
OTU_462	Fungi	Ascomycota	Dothideomycetes	Pleosporales	Phaeosphaeriaceae	Phaeosphaeria	Phaeosphaeria_fuckelii_SH205222.07FU
OTU_520	Fungi	Glomeromycota	Glomeromycetes	Glomerales	Glomeraceae	Funneliformis	Unassigned
OTU_533	Fungi	Basidiomycota	Agaricomycetes	Agaricales	Bolbitiaceae	Conocybe	Conocybe_velutipes_SH220674.07FU
OTU_498	Fungi	Chytridiomycota	Rhizophlyctidomycetes	Rhizophlyctidales	Rhizophlyctidaceae	Rhizophlyctis	Rhizophlyctis_rosea_SH202562.07FU
OTU_507	Fungi	Chytridiomycota	Rhizophlyctidomycetes	Rhizophlyctidales	Rhizophlyctidaceae	Rhizophlyctis	Rhizophlyctis_rosea_SH006430.07FU
OTU_465	Fungi	Basidiomycota	Agaricomycetes	Cantharellales	Ceratobasidiaceae	Unassigned	Unassigned
OTU_486	Fungi	Ascomycota	Sordariomycetes	Hypocreales	Cordycipitaceae	Beauveria	Unassigned
OTU_546	Fungi	Ascomycota	Unassigned	Unassigned	Unassigned	Unassigned	Unassigned
OTU_529	Fungi	Chytridiomycota	Unassigned	Unassigned	Unassigned	Unassigned	Unassigned
OTU_555	Fungi	Basidiomycota	Unassigned	Unassigned	Unassigned	Unassigned	Unassigned
OTU_534	Fungi	Zoopagomycota	Zoopagomycetes	Zoopagales	Piptocephalidaceae	Syncephalis	Unassigned
OTU_499	Fungi	Basidiomycota	Agaricomycetes	Cantharellales	Ceratobasidiaceae	Unassigned	Unassigned
OTU_510	Fungi	Ascomycota	Eurotiomycetes	Eurotiales	Aspergillaceae	Aspergillus	Aspergillus_fumigatus_SH007927.07FU
OTU_547	Fungi	Ascomycota	Eurotiomycetes	Chaetothyriales	Unassigned	Unassigned	Unassigned
OTU_595	Fungi	Ascomycota	Unassigned	Unassigned	Unassigned	Unassigned	Unassigned
OTU_526	Fungi	Basidiomycota	Agaricomycetes	Tremellodendropsidales	Unassigned	Unassigned	Unassigned
OTU_557	Fungi	Ascomycota	Eurotiomycetes	Eurotiales	Unassigned	Unassigned	Unassigned
OTU_531	Fungi	Ascomycota	Saccharomycetes	Saccharomycetales	Dipodascaceae	Unassigned	Unassigned
OTU_571	Fungi	Rozellomycota	Unassigned	Unassigned	Unassigned	Unassigned	Unassigned
OTU_566	Fungi	Mortierellomycota	Mortierellomycetes	Mortierellales	Mortierellaceae	Mortierella	Mortierella_fimbricystis_SH187864.07FU
OTU_636	Fungi	Ascomycota	Unassigned	Unassigned	Unassigned	Unassigned	Unassigned
OTU_544	Fungi	Mortierellomycota	Mortierellomycetes	Mortierellales	Mortierellaceae	Mortierella	Unassigned
OTU_549	Fungi	Aphelidiomycota	Aphelidiomycetes	GS16	Unassigned	Unassigned	Unassigned
OTU_601	Fungi	Ascomycota	Sordariomycetes	Sordariales	Lasiosphaeriaceae	Cladorrhinum	Cladorrhinum_bulbillosum_SH207742.07FU
OTU_606	Fungi	Ascomycota	Sordariomycetes	Hypocreales	Unassigned	Unassigned	Unassigned
OTU_562	Fungi	Ascomycota	Sordariomycetes	Unassigned	Unassigned	Unassigned	Unassigned
OTU_561	Fungi	Chytridiomycota	Unassigned	Unassigned	Unassigned	Unassigned	Unassigned
OTU_648	Fungi	Ascomycota	Unassigned	Unassigned	Unassigned	Unassigned	Unassigned
OTU_639	Fungi	Ascomycota	Eurotiomycetes	Eurotiales	Aspergillaceae	Penicillium	Unassigned
OTU_617	Fungi	Ascomycota	Sordariomycetes	Hypocreales	Nectriaceae	Fusarium	Fusarium_nematophilum_SH209886.07FU
OTU_695	Fungi	Ascomycota	Unassigned	Unassigned	Unassigned	Unassigned	Unassigned
OTU_673	Fungi	Ascomycota	Unassigned	Unassigned	Unassigned	Unassigned	Unassigned
OTU_663	Fungi	Ascomycota	Sordariomycetes	Sordariales	Chaetomiaceae	Chaetomidium	Chaetomidium_gallecicum_SH195324.07FU
OTU_608	Fungi	Chytridiomycota	Rhizophlyctidomycetes	Rhizophlyctidales	Rhizophlyctidaceae	Rhizophlyctis	Rhizophlyctis_rosea_SH192223.07FU
OTU_568	Fungi	Ascomycota	Sordariomycetes	Hypocreales	Unassigned	Unassigned	Unassigned
OTU_657	Fungi	Basidiomycota	Microbotryomycetes	Microbotryomycetes_ord_Incertae_sedis	Microbotryomycetes_fam_Incertae_sedis	Colacogloea	Colacogloea_terpenoidalis_SH194980.07FU
OTU_599	Fungi	Basidiomycota	Agaricomycetes	Cantharellales	Cantharellales_fam_Incertae_sedis	Minimedusa	Minimedusa_polyspora_SH201127.07FU
OTU_602	Fungi	Ascomycota	Unassigned	Unassigned	Unassigned	Unassigned	Unassigned
OTU_690	Fungi	Ascomycota	Unassigned	Unassigned	Unassigned	Unassigned	Unassigned
OTU_581	Fungi	Ascomycota	Dothideomycetes	Pleosporales	Unassigned	Unassigned	Unassigned
OTU_706	Fungi	Ascomycota	Unassigned	Unassigned	Unassigned	Unassigned	Unassigned
OTU_612	Fungi	Ascomycota	Sordariomycetes	Unassigned	Unassigned	Unassigned	Unassigned
OTU_697	Fungi	Basidiomycota	Agaricomycetes	Cantharellales	Ceratobasidiaceae	Unassigned	Unassigned
OTU_688	Fungi	Ascomycota	Sordariomycetes	Glomerellales	Glomerellaceae	Colletotrichum	Colletotrichum_chlorophyti_SH195664.07FU
OTU_717	Fungi	Ascomycota	Unassigned	Unassigned	Unassigned	Unassigned	Unassigned
OTU_640	Fungi	Ascomycota	Eurotiomycetes	Unassigned	Unassigned	Unassigned	Unassigned
OTU_643	Fungi	Ascomycota	Sordariomycetes	Unassigned	Unassigned	Unassigned	Unassigned
OTU_685	Fungi	Glomeromycota	Glomeromycetes	Diversisporales	Diversisporaceae	Unassigned	Unassigned
OTU_610	Fungi	Basidiomycota	Tremellomycetes	Tremellales	Bulleribasidiaceae	Dioszegia	Dioszegia_zsoltii_var._yunnanensis_SH182100.07FU
OTU_703	Fungi	Ascomycota	Sordariomycetes	Hypocreales	Hypocreales_fam_Incertae_sedis	Trichothecium	Trichothecium_roseum_SH022604.07FU
OTU_667	Fungi	Ascomycota	Leotiomycetes	Helotiales	Myxotrichaceae	Oidiodendron	Unassigned
OTU_653	Fungi	Ascomycota	Eurotiomycetes	Eurotiales	Aspergillaceae	Penicillium	Penicillium_melinii_SH207150.07FU
OTU_721	Fungi	Ascomycota	Unassigned	Unassigned	Unassigned	Unassigned	Unassigned
OTU_736	Fungi	Aphelidiomycota	Aphelidiomycetes	GS16	Unassigned	Unassigned	Unassigned
OTU_731	Fungi	Chytridiomycota	Unassigned	Unassigned	Unassigned	Unassigned	Unassigned
OTU_718	Fungi	Ascomycota	Unassigned	Unassigned	Unassigned	Unassigned	Unassigned
OTU_686	Fungi	Ascomycota	Unassigned	Unassigned	Unassigned	Unassigned	Unassigned
OTU_705	Fungi	Ascomycota	Saccharomycetes	Saccharomycetales	Saccharomycetales_fam_Incertae_sedis	Candida	Candida_intermedia_SH024156.07FU
OTU_750	Fungi	Ascomycota	Unassigned	Unassigned	Unassigned	Unassigned	Unassigned
OTU_737	Fungi	Ascomycota	Unassigned	Unassigned	Unassigned	Unassigned	Unassigned
OTU_768	Fungi	Ascomycota	Unassigned	Unassigned	Unassigned	Unassigned	Unassigned
OTU_770	Fungi	Ascomycota	Unassigned	Unassigned	Unassigned	Unassigned	Unassigned
OTU_730	Fungi	Ascomycota	Ascomycota_cls_Incertae_sedis	Ascomycota_ord_Incertae_sedis	Ascomycota_fam_Incertae_sedis	Tetracladium	Unassigned
OTU_744	Fungi	Rozellomycota	Rozellomycota_cls_Incertae_sedis	GS05	Unassigned	Unassigned	Unassigned
OTU_773	Fungi	Basidiomycota	Unassigned	Unassigned	Unassigned	Unassigned	Unassigned
OTU_716	Fungi	Ascomycota	Sordariomycetes	Unassigned	Unassigned	Unassigned	Unassigned
OTU_738	Fungi	Mortierellomycota	Mortierellomycetes	Mortierellales	Mortierellaceae	Mortierella	Unassigned
OTU_765	Fungi	Ascomycota	Unassigned	Unassigned	Unassigned	Unassigned	Unassigned
OTU_724	Fungi	Ascomycota	Dothideomycetes	Venturiales	Sympoventuriaceae	Ochroconis	Ochroconis_mirabilis_SH533472.07FU
OTU_725	Fungi	Ascomycota	Orbiliomycetes	Orbiliales	Orbiliales_fam_Incertae_sedis	Vermispora	Vermispora_spermatophaga_SH474577.07FU
OTU_751	Fungi	Basidiomycota	Microbotryomycetes	Sporidiobolales	Sporidiobolaceae	Sporobolomyces	Sporobolomyces_symmetricus_SH205939.07FU
OTU_742	Fungi	Basidiomycota	Agaricomycetes	Cantharellales	Ceratobasidiaceae	Unassigned	Unassigned
OTU_710	Fungi	Basidiomycota	Tremellomycetes	Tremellales	Bulleribasidiaceae	Hannaella	Hannaella_luteola_SH180500.07FU
OTU_808	Fungi	Ascomycota	Unassigned	Unassigned	Unassigned	Unassigned	Unassigned
OTU_776	Fungi	Ascomycota	Unassigned	Unassigned	Unassigned	Unassigned	Unassigned
OTU_739	Fungi	Basidiomycota	Agaricomycetes	Agaricales	Psathyrellaceae	Coprinopsis	Unassigned
OTU_779	Fungi	Basidiomycota	Unassigned	Unassigned	Unassigned	Unassigned	Unassigned
OTU_780	Fungi	Ascomycota	Sordariomycetes	Hypocreales	Unassigned	Unassigned	Unassigned
OTU_746	Fungi	Ascomycota	Sordariomycetes	Hypocreales	Unassigned	Unassigned	Unassigned
OTU_772	Fungi	Ascomycota	Dothideomycetes	Pleosporales	Unassigned	Unassigned	Unassigned
OTU_811	Fungi	Ascomycota	Unassigned	Unassigned	Unassigned	Unassigned	Unassigned
OTU_800	Fungi	Basidiomycota	Tremellomycetes	Tremellales	Cuniculitremaceae	Kockovaella	Kockovaella_lichenicola_SH176359.07FU
OTU_815	Fungi	Ascomycota	Unassigned	Unassigned	Unassigned	Unassigned	Unassigned
OTU_769	Fungi	Ascomycota	Sordariomycetes	Hypocreales	Hypocreales_fam_Incertae_sedis	Unassigned	Unassigned
OTU_812	Fungi	Ascomycota	Sordariomycetes	Sordariales	Unassigned	Unassigned	Unassigned
OTU_836	Fungi	Ascomycota	Unassigned	Unassigned	Unassigned	Unassigned	Unassigned
OTU_809	Fungi	Ascomycota	Unassigned	Unassigned	Unassigned	Unassigned	Unassigned
OTU_774	Fungi	Ascomycota	Dothideomycetes	Pleosporales	Pleosporaceae	Setosphaeria	Setosphaeria_pedicellata_SH187640.07FU
OTU_829	Fungi	Chytridiomycota	Unassigned	Unassigned	Unassigned	Unassigned	Unassigned
OTU_784	Fungi	Chytridiomycota	Unassigned	Unassigned	Unassigned	Unassigned	Unassigned
OTU_775	Fungi	Basidiomycota	Tremellomycetes	Filobasidiales	Filobasidiaceae	Naganishia	Unassigned
OTU_819	Fungi	Ascomycota	Sordariomycetes	Microascales	Microascaceae	Kernia	Kernia_pachypleura_SH013616.07FU
OTU_783	Fungi	Basidiomycota	Agaricomycetes	Boletales	Coniophoraceae	Coniophora	Coniophora_eremophila_SH527187.07FU
OTU_824	Fungi	Kickxellomycota	Kickxellomycetes	Kickxellales	Kickxellaceae	Ramicandelaber	Ramicandelaber_longisporus_SH001831.07FU
OTU_843	Fungi	Ascomycota	Unassigned	Unassigned	Unassigned	Unassigned	Unassigned
OTU_831	Fungi	Ascomycota	Sordariomycetes	Hypocreales	Unassigned	Unassigned	Unassigned
OTU_851	Fungi	Ascomycota	Unassigned	Unassigned	Unassigned	Unassigned	Unassigned
OTU_830	Fungi	Basidiomycota	Tremellomycetes	Trichosporonales	Trichosporonaceae	Vanrija	Vanrija_humicola_SH211660.07FU
OTU_838	Fungi	Chytridiomycota	Unassigned	Unassigned	Unassigned	Unassigned	Unassigned
OTU_854	Fungi	Ascomycota	Sordariomycetes	Unassigned	Unassigned	Unassigned	Unassigned
OTU_885	Fungi	Ascomycota	Unassigned	Unassigned	Unassigned	Unassigned	Unassigned
OTU_834	Fungi	Ascomycota	Eurotiomycetes	Chaetothyriales	Unassigned	Unassigned	Unassigned
OTU_786	Fungi	Ascomycota	Saccharomycetes	Saccharomycetales	Dipodascaceae	Unassigned	Unassigned
OTU_817	Fungi	Ascomycota	Eurotiomycetes	Eurotiales	Aspergillaceae	Aspergillus	Unassigned
OTU_865	Fungi	Ascomycota	Sordariomycetes	Hypocreales	Hypocreales_fam_Incertae_sedis	Acremonium	Acremonium_acutatum_SH195612.07FU
OTU_904	Fungi	Ascomycota	Unassigned	Unassigned	Unassigned	Unassigned	Unassigned
OTU_895	Fungi	Chytridiomycota	Unassigned	Unassigned	Unassigned	Unassigned	Unassigned
OTU_859	Fungi	Ascomycota	Unassigned	Unassigned	Unassigned	Unassigned	Unassigned
OTU_906	Fungi	Ascomycota	Unassigned	Unassigned	Unassigned	Unassigned	Unassigned
OTU_887	Fungi	Basidiomycota	Tremellomycetes	Tremellales	Bulleribasidiaceae	Vishniacozyma	Vishniacozyma_carnescens_SH181629.07FU
OTU_882	Fungi	Chytridiomycota	Unassigned	Unassigned	Unassigned	Unassigned	Unassigned
OTU_950	Fungi	Ascomycota	Unassigned	Unassigned	Unassigned	Unassigned	Unassigned
OTU_929	Fungi	Ascomycota	Unassigned	Unassigned	Unassigned	Unassigned	Unassigned
OTU_902	Fungi	Ascomycota	Dothideomycetes	Pleosporales	Phaeosphaeriaceae	Paraphoma	Paraphoma_chrysanthemicola_SH211091.07FU
OTU_918	Fungi	Ascomycota	Sordariomycetes	Unassigned	Unassigned	Unassigned	Unassigned
OTU_892	Fungi	Ascomycota	Sordariomycetes	Sordariales	Lasiosphaeriaceae	Cladorrhinum	Cladorrhinum_bulbillosum_SH207742.07FU
OTU_852	Fungi	Ascomycota	Leotiomycetes	Thelebolales	Thelebolaceae	Unassigned	Unassigned
OTU_897	Fungi	Ascomycota	Sordariomycetes	Unassigned	Unassigned	Unassigned	Unassigned
OTU_877	Fungi	Ascomycota	Sordariomycetes	Sordariales	Lasiosphaeriaceae	Unassigned	Unassigned
OTU_889	Fungi	Mortierellomycota	Mortierellomycetes	Mortierellales	Mortierellaceae	Mortierella	Unassigned
OTU_898	Fungi	Mucoromycota	Mucoromycetes	Mucorales	Mucoraceae	Actinomucor	Unassigned
OTU_937	Fungi	Ascomycota	Eurotiomycetes	Eurotiales	Aspergillaceae	Aspergillus	Aspergillus_japonicus_SH205971.07FU
OTU_894	Fungi	Ascomycota	Leotiomycetes	Helotiales	Unassigned	Unassigned	Unassigned
OTU_966	Fungi	Ascomycota	Unassigned	Unassigned	Unassigned	Unassigned	Unassigned
OTU_998	Fungi	Ascomycota	Unassigned	Unassigned	Unassigned	Unassigned	Unassigned
OTU_981	Fungi	Ascomycota	Unassigned	Unassigned	Unassigned	Unassigned	Unassigned
OTU_961	Fungi	Ascomycota	Sordariomycetes	Hypocreales	Stachybotryaceae	Unassigned	Unassigned
OTU_945	Fungi	Rozellomycota	Rozellomycota_cls_Incertae_sedis	GS06	Unassigned	Unassigned	Unassigned
OTU_909	Fungi	Ascomycota	Dothideomycetes	Venturiales	Sympoventuriaceae	Ochroconis	Ochroconis_tshawytschae_SH215774.07FU
OTU_938	Fungi	Basidiomycota	Agaricomycetes	Agaricales	Psathyrellaceae	Coprinellus	Coprinellus_micaceus_SH220365.07FU
OTU_992	Fungi	Ascomycota	Unassigned	Unassigned	Unassigned	Unassigned	Unassigned
OTU_979	Fungi	Ascomycota	Unassigned	Unassigned	Unassigned	Unassigned	Unassigned
OTU_942	Fungi	Ascomycota	Eurotiomycetes	Chaetothyriales	Herpotrichiellaceae	Unassigned	Unassigned
OTU_969	Fungi	Ascomycota	Orbiliomycetes	Unassigned	Unassigned	Unassigned	Unassigned
OTU_955	Fungi	Ascomycota	Sordariomycetes	Hypocreales	Stachybotryaceae	Unassigned	Unassigned
OTU_933	Fungi	Ascomycota	Sordariomycetes	Unassigned	Unassigned	Unassigned	Unassigned
OTU_990	Fungi	Ascomycota	Dothideomycetes	Pleosporales	Pleosporaceae	Stemphylium	Stemphylium_herbarum_SH387143.07FU
OTU_997	Fungi	Ascomycota	Sordariomycetes	Sordariomycetes_ord_Incertae_sedis	Sordariomycetes_fam_Incertae_sedis	Conlarium	Unassigned
OTU_1003	Fungi	Ascomycota	Unassigned	Unassigned	Unassigned	Unassigned	Unassigned
OTU_986	Fungi	Ascomycota	Unassigned	Unassigned	Unassigned	Unassigned	Unassigned
OTU_999	Fungi	Ascomycota	Unassigned	Unassigned	Unassigned	Unassigned	Unassigned
OTU_1007	Fungi	Ascomycota	Unassigned	Unassigned	Unassigned	Unassigned	Unassigned
OTU_974	Fungi	Ascomycota	Sordariomycetes	Sordariales	Lasiosphaeriaceae	Podospora	Unassigned
OTU_965	Fungi	Ascomycota	Unassigned	Unassigned	Unassigned	Unassigned	Unassigned
OTU_1028	Fungi	Ascomycota	Unassigned	Unassigned	Unassigned	Unassigned	Unassigned
OTU_1014	Fungi	Ascomycota	Unassigned	Unassigned	Unassigned	Unassigned	Unassigned
OTU_1026	Fungi	Basidiomycota	Agaricomycetes	Unassigned	Unassigned	Unassigned	Unassigned
OTU_1006	Fungi	Ascomycota	Eurotiomycetes	Chaetothyriales	Unassigned	Unassigned	Unassigned
OTU_993	Fungi	Ascomycota	Sordariomycetes	Hypocreales	Clavicipitaceae	Metarhizium	Metarhizium_rileyi_SH192580.07FU
OTU_1058	Fungi	Ascomycota	Unassigned	Unassigned	Unassigned	Unassigned	Unassigned
OTU_1035	Fungi	Chytridiomycota	Spizellomycetes	Spizellomycetales	Powellomycetaceae	Powellomyces	Unassigned
OTU_1033	Fungi	Ascomycota	Unassigned	Unassigned	Unassigned	Unassigned	Unassigned
OTU_1020	Fungi	Ascomycota	Dothideomycetes	Pleosporales	Unassigned	Unassigned	Unassigned
OTU_1010	Fungi	Ascomycota	Orbiliomycetes	Orbiliales	Orbiliaceae	Brachyphoris	Brachyphoris_oviparasitica_SH182419.07FU
OTU_1040	Fungi	Ascomycota	Unassigned	Unassigned	Unassigned	Unassigned	Unassigned
OTU_1004	Fungi	Ascomycota	Sordariomycetes	Glomerellales	Plectosphaerellaceae	Lectera	Lectera_colletotrichoides_SH174361.07FU
OTU_1048	Fungi	Ascomycota	Unassigned	Unassigned	Unassigned	Unassigned	Unassigned
OTU_1030	Fungi	Ascomycota	Sordariomycetes	Coniochaetales	Coniochaetaceae	Coniochaeta	Unassigned
OTU_1085	Fungi	Ascomycota	Unassigned	Unassigned	Unassigned	Unassigned	Unassigned
OTU_1080	Fungi	Ascomycota	Unassigned	Unassigned	Unassigned	Unassigned	Unassigned
OTU_1016	Fungi	Mortierellomycota	Mortierellomycetes	Mortierellales	Mortierellaceae	Mortierella	Unassigned
OTU_1039	Fungi	Ascomycota	Sordariomycetes	Sordariales	Unassigned	Unassigned	Unassigned
OTU_1017	Fungi	Ascomycota	Pezizomycetes	Pezizales	Pyronemataceae	Unassigned	Unassigned
OTU_1071	Fungi	Ascomycota	Unassigned	Unassigned	Unassigned	Unassigned	Unassigned
OTU_1086	Fungi	Chytridiomycota	Unassigned	Unassigned	Unassigned	Unassigned	Unassigned
OTU_1062	Fungi	Ascomycota	Dothideomycetes	Pleosporales	Pleosporaceae	Alternaria	Alternaria_terricola_SH434798.07FU
OTU_1078	Fungi	Ascomycota	Dothideomycetes	Pleosporales	Leptosphaeriaceae	Leptosphaeria	Unassigned
OTU_1103	Fungi	Ascomycota	Unassigned	Unassigned	Unassigned	Unassigned	Unassigned
OTU_1091	Fungi	Ascomycota	Sordariomycetes	Hypocreales	Unassigned	Unassigned	Unassigned
OTU_1037	Fungi	Ascomycota	Eurotiomycetes	Onygenales	Unassigned	Unassigned	Unassigned
OTU_1099	Fungi	Ascomycota	Unassigned	Unassigned	Unassigned	Unassigned	Unassigned
OTU_1094	Fungi	Ascomycota	Unassigned	Unassigned	Unassigned	Unassigned	Unassigned
OTU_1059	Fungi	Ascomycota	Pezizomycetes	Pezizales	Pezizaceae	Unassigned	Unassigned
OTU_1126	Fungi	Ascomycota	Unassigned	Unassigned	Unassigned	Unassigned	Unassigned
OTU_1092	Fungi	Aphelidiomycota	Aphelidiomycetes	GS16	Unassigned	Unassigned	Unassigned
OTU_1056	Fungi	Ascomycota	Orbiliomycetes	Orbiliales	Orbiliaceae	Dactylella	Dactylella_heptameres_SH192773.07FU
OTU_1107	Fungi	Ascomycota	Unassigned	Unassigned	Unassigned	Unassigned	Unassigned
OTU_1090	Fungi	Chytridiomycota	Unassigned	Unassigned	Unassigned	Unassigned	Unassigned
OTU_1096	Fungi	Basidiomycota	Agaricomycetes	Agaricales	Marasmiaceae	Marasmius	Marasmius_rotalis_SH631583.07FU
OTU_1141	Fungi	Ascomycota	Unassigned	Unassigned	Unassigned	Unassigned	Unassigned
OTU_1116	Fungi	Basidiomycota	Unassigned	Unassigned	Unassigned	Unassigned	Unassigned
OTU_1069	Fungi	Ascomycota	Dothideomycetes	Botryosphaeriales	Botryosphaeriaceae	Macrophomina	Macrophomina_phaseolina_SH182425.07FU
OTU_1159	Fungi	Ascomycota	Unassigned	Unassigned	Unassigned	Unassigned	Unassigned
OTU_1152	Fungi	Ascomycota	Unassigned	Unassigned	Unassigned	Unassigned	Unassigned
OTU_1171	Fungi	Basidiomycota	Unassigned	Unassigned	Unassigned	Unassigned	Unassigned
OTU_1150	Fungi	Ascomycota	Unassigned	Unassigned	Unassigned	Unassigned	Unassigned
OTU_1154	Fungi	Basidiomycota	Agaricomycetes	Unassigned	Unassigned	Unassigned	Unassigned
OTU_1168	Fungi	Ascomycota	Unassigned	Unassigned	Unassigned	Unassigned	Unassigned
OTU_1173	Fungi	Ascomycota	Unassigned	Unassigned	Unassigned	Unassigned	Unassigned
OTU_1070	Fungi	Ascomycota	Unassigned	Unassigned	Unassigned	Unassigned	Unassigned
OTU_1182	Fungi	Ascomycota	Unassigned	Unassigned	Unassigned	Unassigned	Unassigned
OTU_1098	Fungi	Ascomycota	Sordariomycetes	Hypocreales	Hypocreales_fam_Incertae_sedis	Acremonium	Acremonium_alcalophilum_SH206001.07FU
OTU_1147	Fungi	Mortierellomycota	Mortierellomycetes	Mortierellales	Mortierellaceae	Mortierella	Unassigned
OTU_1183	Fungi	Ascomycota	Unassigned	Unassigned	Unassigned	Unassigned	Unassigned
OTU_1184	Fungi	Ascomycota	Unassigned	Unassigned	Unassigned	Unassigned	Unassigned
OTU_1201	Fungi	Ascomycota	Unassigned	Unassigned	Unassigned	Unassigned	Unassigned
OTU_1158	Fungi	Ascomycota	Leotiomycetes	Helotiales	Helotiales_fam_Incertae_sedis	Phialocephala	Phialocephala_humicola_SH181581.07FU
OTU_1228	Fungi	Ascomycota	Unassigned	Unassigned	Unassigned	Unassigned	Unassigned
OTU_1192	Fungi	Chytridiomycota	Unassigned	Unassigned	Unassigned	Unassigned	Unassigned
OTU_1156	Fungi	Ascomycota	Sordariomycetes	Chaetosphaeriales	Chaetosphaeriaceae	Chaetosphaeria	Unassigned
OTU_1210	Fungi	Ascomycota	Unassigned	Unassigned	Unassigned	Unassigned	Unassigned
OTU_1225	Fungi	Ascomycota	Unassigned	Unassigned	Unassigned	Unassigned	Unassigned
OTU_1222	Fungi	Ascomycota	Unassigned	Unassigned	Unassigned	Unassigned	Unassigned
OTU_1139	Fungi	Glomeromycota	Glomeromycetes	Glomerales	Claroideoglomeraceae	Unassigned	Unassigned
OTU_1221	Fungi	Ascomycota	Unassigned	Unassigned	Unassigned	Unassigned	Unassigned
OTU_1226	Fungi	Basidiomycota	Agaricomycetes	Unassigned	Unassigned	Unassigned	Unassigned
OTU_1247	Fungi	Ascomycota	Unassigned	Unassigned	Unassigned	Unassigned	Unassigned
OTU_1215	Fungi	Ascomycota	Orbiliomycetes	Orbiliales	Orbiliaceae	Arthrobotrys	Unassigned
OTU_1187	Fungi	Ascomycota	Leotiomycetes	Helotiales	Unassigned	Unassigned	Unassigned
OTU_1231	Fungi	Ascomycota	Unassigned	Unassigned	Unassigned	Unassigned	Unassigned
OTU_1258	Fungi	Ascomycota	Unassigned	Unassigned	Unassigned	Unassigned	Unassigned
OTU_1260	Fungi	Ascomycota	Unassigned	Unassigned	Unassigned	Unassigned	Unassigned
OTU_1275	Fungi	Ascomycota	Unassigned	Unassigned	Unassigned	Unassigned	Unassigned
OTU_1234	Fungi	Ascomycota	Unassigned	Unassigned	Unassigned	Unassigned	Unassigned
OTU_1293	Fungi	Basidiomycota	Unassigned	Unassigned	Unassigned	Unassigned	Unassigned
OTU_1279	Fungi	Ascomycota	Unassigned	Unassigned	Unassigned	Unassigned	Unassigned
OTU_1172	Fungi	Ascomycota	Eurotiomycetes	Unassigned	Unassigned	Unassigned	Unassigned
OTU_1263	Fungi	Ascomycota	Unassigned	Unassigned	Unassigned	Unassigned	Unassigned
OTU_1254	Fungi	Ascomycota	Eurotiomycetes	Chaetothyriales	Herpotrichiellaceae	Cladophialophora	Unassigned
OTU_1216	Fungi	Ascomycota	Sordariomycetes	Hypocreales	Cordycipitaceae	Unassigned	Unassigned
OTU_1193	Fungi	Ascomycota	Pezizomycetes	Pezizales	Unassigned	Unassigned	Unassigned
OTU_1239	Fungi	Ascomycota	Unassigned	Unassigned	Unassigned	Unassigned	Unassigned
OTU_1274	Fungi	Ascomycota	Unassigned	Unassigned	Unassigned	Unassigned	Unassigned
OTU_1266	Fungi	Basidiomycota	Agaricomycetes	Polyporales	Unassigned	Unassigned	Unassigned
OTU_1209	Fungi	Ascomycota	Sordariomycetes	Sordariales	Unassigned	Unassigned	Unassigned
OTU_1257	Fungi	Chytridiomycota	Unassigned	Unassigned	Unassigned	Unassigned	Unassigned
OTU_1224	Fungi	Ascomycota	Orbiliomycetes	Orbiliales	Orbiliaceae	Arthrobotrys	Arthrobotrys_brochopaga_SH215062.07FU
OTU_1287	Fungi	Ascomycota	Sordariomycetes	Sordariales	Unassigned	Unassigned	Unassigned
OTU_1286	Fungi	Basidiomycota	Agaricomycetes	Agaricales	Unassigned	Unassigned	Unassigned
OTU_1304	Fungi	Ascomycota	Unassigned	Unassigned	Unassigned	Unassigned	Unassigned
OTU_1303	Fungi	Zoopagomycota	Zoopagomycetes	Zoopagales	Piptocephalidaceae	Syncephalis	Unassigned
OTU_1315	Fungi	Basidiomycota	Agaricomycetes	Unassigned	Unassigned	Unassigned	Unassigned
OTU_1309	Fungi	Ascomycota	Unassigned	Unassigned	Unassigned	Unassigned	Unassigned
OTU_1296	Fungi	Ascomycota	Sordariomycetes	Unassigned	Unassigned	Unassigned	Unassigned
OTU_1294	Fungi	Basidiomycota	Tremellomycetes	Tremellales	Bulleribasidiaceae	Hannaella	Hannaella_sinensis_SH180504.07FU
OTU_1297	Fungi	Ascomycota	Eurotiomycetes	Unassigned	Unassigned	Unassigned	Unassigned
OTU_1349	Fungi	Ascomycota	Unassigned	Unassigned	Unassigned	Unassigned	Unassigned
OTU_1359	Fungi	Ascomycota	Unassigned	Unassigned	Unassigned	Unassigned	Unassigned
OTU_1356	Fungi	Ascomycota	Unassigned	Unassigned	Unassigned	Unassigned	Unassigned
OTU_1329	Fungi	Basidiomycota	Microbotryomycetes	Sporidiobolales	Sporidiobolaceae	Sporobolomyces	Sporobolomyces_carnicolor_SH194979.07FU
OTU_1352	Fungi	Ascomycota	Unassigned	Unassigned	Unassigned	Unassigned	Unassigned
OTU_1330	Fungi	Basidiomycota	Unassigned	Unassigned	Unassigned	Unassigned	Unassigned
OTU_1382	Fungi	Basidiomycota	Agaricomycetes	Unassigned	Unassigned	Unassigned	Unassigned
OTU_1312	Fungi	Ascomycota	Unassigned	Unassigned	Unassigned	Unassigned	Unassigned
OTU_1397	Fungi	Ascomycota	Unassigned	Unassigned	Unassigned	Unassigned	Unassigned
OTU_1375	Fungi	Ascomycota	Unassigned	Unassigned	Unassigned	Unassigned	Unassigned
OTU_1366	Fungi	Ascomycota	Unassigned	Unassigned	Unassigned	Unassigned	Unassigned
OTU_1379	Fungi	Ascomycota	Unassigned	Unassigned	Unassigned	Unassigned	Unassigned
OTU_1396	Fungi	Ascomycota	Unassigned	Unassigned	Unassigned	Unassigned	Unassigned
OTU_1338	Fungi	Ascomycota	Sordariomycetes	Microascales	Microascaceae	Microascus	Unassigned
OTU_1384	Fungi	Ascomycota	Unassigned	Unassigned	Unassigned	Unassigned	Unassigned
OTU_1371	Fungi	Ascomycota	Sordariomycetes	Unassigned	Unassigned	Unassigned	Unassigned
OTU_1331	Fungi	Ascomycota	Saccharomycetes	Saccharomycetales	Dipodascaceae	Unassigned	Unassigned
OTU_1337	Fungi	Ascomycota	Eurotiomycetes	Chaetothyriales	Unassigned	Unassigned	Unassigned
OTU_1311	Fungi	Ascomycota	Saccharomycetes	Saccharomycetales	Dipodascaceae	Unassigned	Unassigned
OTU_1419	Fungi	Ascomycota	Unassigned	Unassigned	Unassigned	Unassigned	Unassigned
OTU_1306	Fungi	Ascomycota	Sordariomycetes	Hypocreales	Hypocreales_fam_Incertae_sedis	Unassigned	Unassigned
OTU_1405	Fungi	Ascomycota	Sordariomycetes	Hypocreales	Unassigned	Unassigned	Unassigned
OTU_1374	Fungi	Ascomycota	Sordariomycetes	Hypocreales	Unassigned	Unassigned	Unassigned
OTU_1347	Fungi	Basidiomycota	Tremellomycetes	Tremellales	Bulleraceae	Bullera	Bullera_alba_SH215453.07FU
OTU_1389	Fungi	Chytridiomycota	Unassigned	Unassigned	Unassigned	Unassigned	Unassigned
OTU_1424	Fungi	Chytridiomycota	Unassigned	Unassigned	Unassigned	Unassigned	Unassigned
OTU_1418	Fungi	Ascomycota	Unassigned	Unassigned	Unassigned	Unassigned	Unassigned
OTU_1414	Fungi	Ascomycota	Eurotiomycetes	Eurotiales	Aspergillaceae	Aspergillus	Unassigned
OTU_1445	Fungi	Ascomycota	Unassigned	Unassigned	Unassigned	Unassigned	Unassigned
OTU_1446	Fungi	Ascomycota	Unassigned	Unassigned	Unassigned	Unassigned	Unassigned
OTU_1450	Fungi	Ascomycota	Unassigned	Unassigned	Unassigned	Unassigned	Unassigned
OTU_1421	Fungi	Glomeromycota	Glomeromycetes	Glomerales	Glomeraceae	Unassigned	Unassigned
OTU_1469	Fungi	Ascomycota	Unassigned	Unassigned	Unassigned	Unassigned	Unassigned
OTU_1394	Fungi	Mortierellomycota	Mortierellomycetes	Mortierellales	Mortierellaceae	Mortierella	Unassigned
OTU_1411	Fungi	Ascomycota	Leotiomycetes	Helotiales	Unassigned	Unassigned	Unassigned
OTU_1455	Fungi	Basidiomycota	Agaricomycetes	Unassigned	Unassigned	Unassigned	Unassigned
OTU_1442	Fungi	Ascomycota	Sordariomycetes	Hypocreales	Ophiocordycipitaceae	Ophiocordyceps	Ophiocordyceps_arborescens_SH210598.07FU
OTU_1461	Fungi	Ascomycota	Unassigned	Unassigned	Unassigned	Unassigned	Unassigned
OTU_1444	Fungi	Ascomycota	Sordariomycetes	Unassigned	Unassigned	Unassigned	Unassigned
OTU_1484	Fungi	Ascomycota	Unassigned	Unassigned	Unassigned	Unassigned	Unassigned
OTU_1373	Fungi	Glomeromycota	Glomeromycetes	Glomerales	Glomeraceae	Unassigned	Unassigned
OTU_1510	Fungi	Ascomycota	Unassigned	Unassigned	Unassigned	Unassigned	Unassigned
OTU_1474	Fungi	Ascomycota	Unassigned	Unassigned	Unassigned	Unassigned	Unassigned
OTU_1513	Fungi	Ascomycota	Unassigned	Unassigned	Unassigned	Unassigned	Unassigned
OTU_1508	Fungi	Ascomycota	Unassigned	Unassigned	Unassigned	Unassigned	Unassigned
OTU_1456	Fungi	Ascomycota	Sordariomycetes	Hypocreales	Stachybotryaceae	Myrothecium	Myrothecium_roridum_SH000845.07FU
OTU_1476	Fungi	Chytridiomycota	Unassigned	Unassigned	Unassigned	Unassigned	Unassigned
OTU_1544	Fungi	Ascomycota	Unassigned	Unassigned	Unassigned	Unassigned	Unassigned
OTU_1547	Fungi	Ascomycota	Unassigned	Unassigned	Unassigned	Unassigned	Unassigned
OTU_1554	Fungi	Ascomycota	Unassigned	Unassigned	Unassigned	Unassigned	Unassigned
OTU_1483	Fungi	Basidiomycota	Agaricomycetes	Geastrales	Geastraceae	Geastrum	Geastrum_triplex_SH213950.07FU
OTU_1555	Fungi	Ascomycota	Unassigned	Unassigned	Unassigned	Unassigned	Unassigned
OTU_1532	Fungi	Ascomycota	Dothideomycetes	Pleosporales	Pleosporaceae	Curvularia	Unassigned
OTU_1556	Fungi	Ascomycota	Unassigned	Unassigned	Unassigned	Unassigned	Unassigned
OTU_1487	Fungi	Ascomycota	Sordariomycetes	Sordariales	Chaetomiaceae	Chaetomium	Chaetomium_homopilatum_SH204872.07FU
OTU_1504	Fungi	Basidiomycota	Unassigned	Unassigned	Unassigned	Unassigned	Unassigned
OTU_1549	Fungi	Chytridiomycota	Unassigned	Unassigned	Unassigned	Unassigned	Unassigned
OTU_1472	Fungi	Basidiomycota	Agaricomycetes	Phallales	Phallaceae	Phallus	Phallus_rugulosus_SH220939.07FU
OTU_1485	Fungi	Mucoromycota	Mucoromycetes	Mucorales	Mucoraceae	Mucor	Mucor_irregularis_SH187074.07FU
OTU_1578	Fungi	Ascomycota	Unassigned	Unassigned	Unassigned	Unassigned	Unassigned
OTU_1566	Fungi	Ascomycota	Unassigned	Unassigned	Unassigned	Unassigned	Unassigned
OTU_1586	Fungi	Ascomycota	Unassigned	Unassigned	Unassigned	Unassigned	Unassigned
OTU_1558	Fungi	Ascomycota	Eurotiomycetes	Chaetothyriales	Unassigned	Unassigned	Unassigned
OTU_1590	Fungi	Ascomycota	Unassigned	Unassigned	Unassigned	Unassigned	Unassigned
OTU_1537	Fungi	Basidiomycota	Agaricomycetes	Cantharellales	Unassigned	Unassigned	Unassigned
OTU_1574	Fungi	Aphelidiomycota	Aphelidiomycetes	GS16	Unassigned	Unassigned	Unassigned
OTU_1559	Fungi	Ascomycota	Eurotiomycetes	Onygenales	Arthrodermataceae	Ctenomyces	Ctenomyces_serratus_SH193704.07FU
OTU_1540	Fungi	Ascomycota	Unassigned	Unassigned	Unassigned	Unassigned	Unassigned
OTU_1591	Fungi	Ascomycota	Unassigned	Unassigned	Unassigned	Unassigned	Unassigned
OTU_1612	Fungi	Ascomycota	Unassigned	Unassigned	Unassigned	Unassigned	Unassigned
OTU_1548	Fungi	Ascomycota	Sordariomycetes	Hypocreales	Nectriaceae	Unassigned	Unassigned
OTU_1588	Fungi	Ascomycota	Unassigned	Unassigned	Unassigned	Unassigned	Unassigned
OTU_1596	Fungi	Chytridiomycota	Unassigned	Unassigned	Unassigned	Unassigned	Unassigned
OTU_1592	Fungi	Ascomycota	Unassigned	Unassigned	Unassigned	Unassigned	Unassigned
OTU_1560	Fungi	Chytridiomycota	Unassigned	Unassigned	Unassigned	Unassigned	Unassigned
OTU_1609	Fungi	Ascomycota	Unassigned	Unassigned	Unassigned	Unassigned	Unassigned
OTU_1611	Fungi	Ascomycota	Unassigned	Unassigned	Unassigned	Unassigned	Unassigned
OTU_1620	Fungi	Ascomycota	Unassigned	Unassigned	Unassigned	Unassigned	Unassigned
OTU_1625	Fungi	Ascomycota	Unassigned	Unassigned	Unassigned	Unassigned	Unassigned
OTU_1624	Fungi	Ascomycota	Unassigned	Unassigned	Unassigned	Unassigned	Unassigned
OTU_1615	Fungi	Ascomycota	Unassigned	Unassigned	Unassigned	Unassigned	Unassigned
OTU_1598	Fungi	Ascomycota	Dothideomycetes	Pleosporales	Sporormiaceae	Preussia	Unassigned
OTU_1561	Fungi	Ascomycota	Eurotiomycetes	Eurotiales	Aspergillaceae	Unassigned	Unassigned
OTU_1629	Fungi	Ascomycota	Unassigned	Unassigned	Unassigned	Unassigned	Unassigned
OTU_1522	Fungi	Ascomycota	Leotiomycetes	Helotiales	Unassigned	Unassigned	Unassigned
OTU_1597	Fungi	Chytridiomycota	Unassigned	Unassigned	Unassigned	Unassigned	Unassigned
OTU_1630	Fungi	Ascomycota	Unassigned	Unassigned	Unassigned	Unassigned	Unassigned
OTU_1631	Fungi	Ascomycota	Unassigned	Unassigned	Unassigned	Unassigned	Unassigned
OTU_1648	Fungi	Ascomycota	Unassigned	Unassigned	Unassigned	Unassigned	Unassigned
OTU_1627	Fungi	Ascomycota	Unassigned	Unassigned	Unassigned	Unassigned	Unassigned
OTU_1635	Fungi	Ascomycota	Unassigned	Unassigned	Unassigned	Unassigned	Unassigned
OTU_1645	Fungi	Ascomycota	Unassigned	Unassigned	Unassigned	Unassigned	Unassigned
OTU_1654	Fungi	Ascomycota	Unassigned	Unassigned	Unassigned	Unassigned	Unassigned
OTU_1651	Fungi	Ascomycota	Unassigned	Unassigned	Unassigned	Unassigned	Unassigned
OTU_1664	Fungi	Ascomycota	Unassigned	Unassigned	Unassigned	Unassigned	Unassigned
OTU_1675	Fungi	Ascomycota	Unassigned	Unassigned	Unassigned	Unassigned	Unassigned
OTU_1636	Fungi	Ascomycota	Eurotiomycetes	Onygenales	Onygenaceae	Unassigned	Unassigned
OTU_1639	Fungi	Mortierellomycota	Mortierellomycetes	Mortierellales	Mortierellaceae	Unassigned	Unassigned
OTU_1600	Fungi	Ascomycota	Dothideomycetes	Pleosporales	Unassigned	Unassigned	Unassigned
OTU_1676	Fungi	Ascomycota	Unassigned	Unassigned	Unassigned	Unassigned	Unassigned
OTU_1681	Fungi	Ascomycota	Unassigned	Unassigned	Unassigned	Unassigned	Unassigned
OTU_1708	Fungi	Ascomycota	Unassigned	Unassigned	Unassigned	Unassigned	Unassigned
OTU_1706	Fungi	Ascomycota	Unassigned	Unassigned	Unassigned	Unassigned	Unassigned
OTU_1667	Fungi	Ascomycota	Unassigned	Unassigned	Unassigned	Unassigned	Unassigned
OTU_1659	Fungi	Ascomycota	Sordariomycetes	Hypocreales	Ophiocordycipitaceae	Unassigned	Unassigned
OTU_1713	Fungi	Ascomycota	Unassigned	Unassigned	Unassigned	Unassigned	Unassigned
OTU_1730	Fungi	Ascomycota	Unassigned	Unassigned	Unassigned	Unassigned	Unassigned
OTU_1710	Fungi	Ascomycota	Unassigned	Unassigned	Unassigned	Unassigned	Unassigned
OTU_1736	Fungi	Ascomycota	Unassigned	Unassigned	Unassigned	Unassigned	Unassigned
OTU_1700	Fungi	Basidiomycota	Agaricomycetes	Unassigned	Unassigned	Unassigned	Unassigned
OTU_1725	Fungi	Ascomycota	Unassigned	Unassigned	Unassigned	Unassigned	Unassigned
OTU_1665	Fungi	Ascomycota	Dothideomycetes	Pleosporales	Unassigned	Unassigned	Unassigned
OTU_1735	Fungi	Ascomycota	Unassigned	Unassigned	Unassigned	Unassigned	Unassigned
OTU_1753	Fungi	Ascomycota	Unassigned	Unassigned	Unassigned	Unassigned	Unassigned
OTU_1704	Fungi	Ascomycota	Sordariomycetes	Unassigned	Unassigned	Unassigned	Unassigned
OTU_1765	Fungi	Ascomycota	Unassigned	Unassigned	Unassigned	Unassigned	Unassigned
OTU_1719	Fungi	Basidiomycota	Cystobasidiomycetes	Cystobasidiomycetes_ord_Incertae_sedis	Cystobasidiomycetes_fam_Incertae_sedis	Symmetrospora	Unassigned
OTU_1740	Fungi	Ascomycota	Unassigned	Unassigned	Unassigned	Unassigned	Unassigned
OTU_1762	Fungi	Ascomycota	Unassigned	Unassigned	Unassigned	Unassigned	Unassigned
OTU_1720	Fungi	Mucoromycota	Mucoromycetes	Mucorales	Mucoraceae	Mucor	Mucor_circinelloides_SH090863.07FU
OTU_1767	Fungi	Ascomycota	Unassigned	Unassigned	Unassigned	Unassigned	Unassigned
OTU_1772	Fungi	Ascomycota	Unassigned	Unassigned	Unassigned	Unassigned	Unassigned
OTU_1754	Fungi	Basidiomycota	Ustilaginomycetes	Ustilaginales	Ustilaginaceae	Unassigned	Unassigned
OTU_1684	Fungi	Ascomycota	Eurotiomycetes	Chaetothyriales	Herpotrichiellaceae	Exophiala	Exophiala_jeanselmei_SH193069.07FU
OTU_1680	Fungi	Ascomycota	Unassigned	Unassigned	Unassigned	Unassigned	Unassigned
OTU_1774	Fungi	Ascomycota	Unassigned	Unassigned	Unassigned	Unassigned	Unassigned
OTU_1702	Fungi	Ascomycota	Sordariomycetes	Hypocreales	Unassigned	Unassigned	Unassigned
OTU_1724	Fungi	Chytridiomycota	Unassigned	Unassigned	Unassigned	Unassigned	Unassigned
OTU_1773	Fungi	Ascomycota	Unassigned	Unassigned	Unassigned	Unassigned	Unassigned
OTU_1701	Fungi	Mortierellomycota	Mortierellomycetes	Mortierellales	Mortierellaceae	Mortierella	Unassigned
OTU_1777	Fungi	Ascomycota	Unassigned	Unassigned	Unassigned	Unassigned	Unassigned
OTU_1781	Fungi	Ascomycota	Unassigned	Unassigned	Unassigned	Unassigned	Unassigned
OTU_1797	Fungi	Ascomycota	Unassigned	Unassigned	Unassigned	Unassigned	Unassigned
OTU_1787	Fungi	Ascomycota	Unassigned	Unassigned	Unassigned	Unassigned	Unassigned
OTU_1792	Fungi	Ascomycota	Unassigned	Unassigned	Unassigned	Unassigned	Unassigned
OTU_1755	Fungi	Ascomycota	Sordariomycetes	Microascales	Unassigned	Unassigned	Unassigned
OTU_1782	Fungi	Ascomycota	Unassigned	Unassigned	Unassigned	Unassigned	Unassigned
OTU_1801	Fungi	Ascomycota	Unassigned	Unassigned	Unassigned	Unassigned	Unassigned
OTU_1775	Fungi	Ascomycota	Unassigned	Unassigned	Unassigned	Unassigned	Unassigned
OTU_1748	Fungi	Ascomycota	Unassigned	Unassigned	Unassigned	Unassigned	Unassigned
OTU_1817	Fungi	Basidiomycota	Unassigned	Unassigned	Unassigned	Unassigned	Unassigned
OTU_1815	Fungi	Ascomycota	Unassigned	Unassigned	Unassigned	Unassigned	Unassigned
OTU_1784	Fungi	Basidiomycota	Agaricomycetes	Unassigned	Unassigned	Unassigned	Unassigned
OTU_1822	Fungi	Ascomycota	Unassigned	Unassigned	Unassigned	Unassigned	Unassigned
OTU_1829	Fungi	Ascomycota	Unassigned	Unassigned	Unassigned	Unassigned	Unassigned
OTU_1786	Fungi	Ascomycota	Sordariomycetes	Hypocreales	Hypocreales_fam_Incertae_sedis	Acremonium	Unassigned
OTU_1833	Fungi	Ascomycota	Unassigned	Unassigned	Unassigned	Unassigned	Unassigned
OTU_1831	Fungi	Ascomycota	Unassigned	Unassigned	Unassigned	Unassigned	Unassigned
OTU_1836	Fungi	Ascomycota	Unassigned	Unassigned	Unassigned	Unassigned	Unassigned
OTU_1834	Fungi	Ascomycota	Unassigned	Unassigned	Unassigned	Unassigned	Unassigned
OTU_1853	Fungi	Ascomycota	Unassigned	Unassigned	Unassigned	Unassigned	Unassigned
OTU_1808	Fungi	Ascomycota	Sordariomycetes	Sordariales	Sordariales_fam_Incertae_sedis	Monosporascus	Unassigned
OTU_1857	Fungi	Ascomycota	Unassigned	Unassigned	Unassigned	Unassigned	Unassigned
OTU_1851	Fungi	Ascomycota	Unassigned	Unassigned	Unassigned	Unassigned	Unassigned
OTU_1838	Fungi	Ascomycota	Unassigned	Unassigned	Unassigned	Unassigned	Unassigned
OTU_1866	Fungi	Ascomycota	Unassigned	Unassigned	Unassigned	Unassigned	Unassigned
OTU_1849	Fungi	Ascomycota	Unassigned	Unassigned	Unassigned	Unassigned	Unassigned
OTU_1868	Fungi	Ascomycota	Unassigned	Unassigned	Unassigned	Unassigned	Unassigned
OTU_1873	Fungi	Ascomycota	Unassigned	Unassigned	Unassigned	Unassigned	Unassigned
OTU_1884	Fungi	Ascomycota	Unassigned	Unassigned	Unassigned	Unassigned	Unassigned
OTU_1898	Fungi	Basidiomycota	Agaricomycetes	Unassigned	Unassigned	Unassigned	Unassigned
OTU_1886	Fungi	Ascomycota	Unassigned	Unassigned	Unassigned	Unassigned	Unassigned
OTU_1823	Fungi	Ascomycota	Unassigned	Unassigned	Unassigned	Unassigned	Unassigned
OTU_1907	Fungi	Ascomycota	Unassigned	Unassigned	Unassigned	Unassigned	Unassigned
OTU_1824	Fungi	Ascomycota	Dothideomycetes	Pleosporales	Pleosporaceae	Pyrenophora	Pyrenophora_tritici-repentis_SH193139.07FU
OTU_1908	Fungi	Ascomycota	Unassigned	Unassigned	Unassigned	Unassigned	Unassigned
OTU_1876	Fungi	Basidiomycota	Tremellomycetes	Cystofilobasidiales	Cystofilobasidiaceae	Cystofilobasidium	Cystofilobasidium_macerans_SH194012.07FU
OTU_1804	Fungi	Ascomycota	Unassigned	Unassigned	Unassigned	Unassigned	Unassigned
OTU_1913	Fungi	Ascomycota	Unassigned	Unassigned	Unassigned	Unassigned	Unassigned
OTU_1929	Fungi	Ascomycota	Unassigned	Unassigned	Unassigned	Unassigned	Unassigned
OTU_1932	Fungi	Ascomycota	Unassigned	Unassigned	Unassigned	Unassigned	Unassigned
OTU_1865	Fungi	Ascomycota	Leotiomycetes	Helotiales	Myxotrichaceae	Oidiodendron	Oidiodendron_rhodogenum_SH217018.07FU
OTU_1863	Fungi	Chytridiomycota	Unassigned	Unassigned	Unassigned	Unassigned	Unassigned
OTU_1954	Fungi	Ascomycota	Unassigned	Unassigned	Unassigned	Unassigned	Unassigned
OTU_1854	Fungi	Chytridiomycota	Rhizophlyctidomycetes	Rhizophlyctidales	Rhizophlyctidaceae	Rhizophlyctis	Unassigned
OTU_1939	Fungi	Basidiomycota	Agaricomycetes	Unassigned	Unassigned	Unassigned	Unassigned
OTU_1953	Fungi	Basidiomycota	Malasseziomycetes	Malasseziales	Malasseziaceae	Malassezia	Malassezia_restricta_SH176395.07FU
OTU_1894	Fungi	Rozellomycota	Rozellomycota_cls_Incertae_sedis	GS11	Unassigned	Unassigned	Unassigned
OTU_1928	Fungi	Ascomycota	Sordariomycetes	Unassigned	Unassigned	Unassigned	Unassigned
OTU_1976	Fungi	Ascomycota	Unassigned	Unassigned	Unassigned	Unassigned	Unassigned
OTU_1963	Fungi	Basidiomycota	Agaricomycetes	Unassigned	Unassigned	Unassigned	Unassigned
OTU_1915	Fungi	Ascomycota	Dothideomycetes	Dothideomycetidae_ord_Incertae_sedis	Eremomycetaceae	Arthrographis	Arthrographis_kalrae_SH215548.07FU
OTU_1938	Fungi	Ascomycota	Unassigned	Unassigned	Unassigned	Unassigned	Unassigned
OTU_1848	Fungi	Ascomycota	Unassigned	Unassigned	Unassigned	Unassigned	Unassigned
OTU_1937	Fungi	Basidiomycota	Agaricomycetes	Corticiales	Corticiaceae	Unassigned	Unassigned
OTU_1957	Fungi	Basidiomycota	Unassigned	Unassigned	Unassigned	Unassigned	Unassigned
OTU_1975	Fungi	Basidiomycota	Unassigned	Unassigned	Unassigned	Unassigned	Unassigned
OTU_1984	Fungi	Ascomycota	Unassigned	Unassigned	Unassigned	Unassigned	Unassigned
OTU_1970	Fungi	Ascomycota	Unassigned	Unassigned	Unassigned	Unassigned	Unassigned
OTU_1991	Fungi	Ascomycota	Unassigned	Unassigned	Unassigned	Unassigned	Unassigned
OTU_2001	Fungi	Ascomycota	Unassigned	Unassigned	Unassigned	Unassigned	Unassigned
OTU_1998	Fungi	Ascomycota	Unassigned	Unassigned	Unassigned	Unassigned	Unassigned
OTU_1997	Fungi	Ascomycota	Unassigned	Unassigned	Unassigned	Unassigned	Unassigned
OTU_1969	Fungi	Basidiomycota	Agaricomycetes	Cantharellales	Ceratobasidiaceae	Unassigned	Unassigned
OTU_1974	Fungi	Basidiomycota	Tremellomycetes	Filobasidiales	Filobasidiaceae	Filobasidium	Filobasidium_chernovii_SH197624.07FU
OTU_2014	Fungi	Ascomycota	Unassigned	Unassigned	Unassigned	Unassigned	Unassigned
OTU_1994	Fungi	Ascomycota	Unassigned	Unassigned	Unassigned	Unassigned	Unassigned
OTU_1980	Fungi	Mortierellomycota	Mortierellomycetes	Mortierellales	Mortierellaceae	Mortierella	Unassigned
OTU_2005	Fungi	Ascomycota	Unassigned	Unassigned	Unassigned	Unassigned	Unassigned
OTU_2044	Fungi	Ascomycota	Unassigned	Unassigned	Unassigned	Unassigned	Unassigned
OTU_1999	Fungi	Ascomycota	Unassigned	Unassigned	Unassigned	Unassigned	Unassigned
OTU_2033	Fungi	Ascomycota	Unassigned	Unassigned	Unassigned	Unassigned	Unassigned
OTU_2051	Fungi	Basidiomycota	Agaricomycetes	Unassigned	Unassigned	Unassigned	Unassigned
OTU_2025	Fungi	Ascomycota	Unassigned	Unassigned	Unassigned	Unassigned	Unassigned
OTU_2050	Fungi	Ascomycota	Unassigned	Unassigned	Unassigned	Unassigned	Unassigned
OTU_2047	Fungi	Ascomycota	Unassigned	Unassigned	Unassigned	Unassigned	Unassigned
OTU_2000	Fungi	Mortierellomycota	Mortierellomycetes	Mortierellales	Mortierellaceae	Mortierella	Unassigned
OTU_2017	Fungi	Ascomycota	Sordariomycetes	Unassigned	Unassigned	Unassigned	Unassigned
OTU_2010	Fungi	Ascomycota	Sordariomycetes	Unassigned	Unassigned	Unassigned	Unassigned
OTU_2057	Fungi	Ascomycota	Unassigned	Unassigned	Unassigned	Unassigned	Unassigned
OTU_2053	Fungi	Ascomycota	Unassigned	Unassigned	Unassigned	Unassigned	Unassigned
OTU_2015	Fungi	Ascomycota	Sordariomycetes	Microascales	Microascaceae	Pseudallescheria	Unassigned
OTU_2061	Fungi	Ascomycota	Unassigned	Unassigned	Unassigned	Unassigned	Unassigned
OTU_2065	Fungi	Basidiomycota	Agaricomycetes	Unassigned	Unassigned	Unassigned	Unassigned
OTU_2074	Fungi	Ascomycota	Unassigned	Unassigned	Unassigned	Unassigned	Unassigned
OTU_2062	Fungi	Ascomycota	Unassigned	Unassigned	Unassigned	Unassigned	Unassigned
OTU_2066	Fungi	Ascomycota	Unassigned	Unassigned	Unassigned	Unassigned	Unassigned
OTU_2081	Fungi	Ascomycota	Unassigned	Unassigned	Unassigned	Unassigned	Unassigned
OTU_2082	Fungi	Ascomycota	Unassigned	Unassigned	Unassigned	Unassigned	Unassigned
OTU_2112	Fungi	Ascomycota	Unassigned	Unassigned	Unassigned	Unassigned	Unassigned
OTU_2002	Fungi	Ascomycota	Sordariomycetes	Sordariales	Chaetomiaceae	Chaetomium	Chaetomium_funicola_SH195318.07FU
OTU_2101	Fungi	Ascomycota	Unassigned	Unassigned	Unassigned	Unassigned	Unassigned
OTU_2078	Fungi	Ascomycota	Unassigned	Unassigned	Unassigned	Unassigned	Unassigned
OTU_2103	Fungi	Ascomycota	Unassigned	Unassigned	Unassigned	Unassigned	Unassigned
OTU_2069	Fungi	Chytridiomycota	Unassigned	Unassigned	Unassigned	Unassigned	Unassigned
OTU_2116	Fungi	Ascomycota	Unassigned	Unassigned	Unassigned	Unassigned	Unassigned
OTU_2122	Fungi	Ascomycota	Unassigned	Unassigned	Unassigned	Unassigned	Unassigned
OTU_2130	Fungi	Basidiomycota	Unassigned	Unassigned	Unassigned	Unassigned	Unassigned
OTU_2099	Fungi	Chytridiomycota	Unassigned	Unassigned	Unassigned	Unassigned	Unassigned
OTU_2090	Fungi	Ascomycota	Sordariomycetes	Xylariales	Apiosporaceae	Arthrinium	Unassigned
OTU_2091	Fungi	Ascomycota	Unassigned	Unassigned	Unassigned	Unassigned	Unassigned
OTU_2142	Fungi	Ascomycota	Unassigned	Unassigned	Unassigned	Unassigned	Unassigned
OTU_2145	Fungi	Ascomycota	Unassigned	Unassigned	Unassigned	Unassigned	Unassigned
OTU_2086	Fungi	Aphelidiomycota	Aphelidiomycetes	GS16	Unassigned	Unassigned	Unassigned
OTU_2144	Fungi	Ascomycota	Unassigned	Unassigned	Unassigned	Unassigned	Unassigned
OTU_2153	Fungi	Ascomycota	Unassigned	Unassigned	Unassigned	Unassigned	Unassigned
OTU_2136	Fungi	Ascomycota	Unassigned	Unassigned	Unassigned	Unassigned	Unassigned
OTU_2100	Fungi	Basidiomycota	Agaricomycetes	Agaricales	Hygrophoraceae	Unassigned	Unassigned
OTU_2155	Fungi	Ascomycota	Unassigned	Unassigned	Unassigned	Unassigned	Unassigned
OTU_2124	Fungi	Ascomycota	Sordariomycetes	Unassigned	Unassigned	Unassigned	Unassigned
OTU_2016	Fungi	Glomeromycota	Glomeromycetes	Glomerales	Glomeraceae	Glomus	Unassigned
OTU_2154	Fungi	Kickxellomycota	Kickxellomycetes	Kickxellales	Kickxellaceae	Ramicandelaber	Ramicandelaber_longisporus_SH001832.07FU
OTU_2164	Fungi	Ascomycota	Unassigned	Unassigned	Unassigned	Unassigned	Unassigned
OTU_2143	Fungi	Basidiomycota	Tremellomycetes	Trichosporonales	Trichosporonaceae	Trichosporon	Unassigned
OTU_2132	Fungi	Ascomycota	Eurotiomycetes	Chaetothyriales	Chaetothyriales_fam_Incertae_sedis	Strelitziana	Strelitziana_albiziae_SH193004.07FU
OTU_2089	Fungi	Ascomycota	Sordariomycetes	Hypocreales	Nectriaceae	Unassigned	Unassigned
OTU_2170	Fungi	Ascomycota	Unassigned	Unassigned	Unassigned	Unassigned	Unassigned
OTU_2169	Fungi	Ascomycota	Unassigned	Unassigned	Unassigned	Unassigned	Unassigned
OTU_2160	Fungi	Ascomycota	Sordariomycetes	Sordariales	Unassigned	Unassigned	Unassigned
OTU_2165	Fungi	Ascomycota	Unassigned	Unassigned	Unassigned	Unassigned	Unassigned
OTU_2203	Fungi	Ascomycota	Unassigned	Unassigned	Unassigned	Unassigned	Unassigned
OTU_2190	Fungi	Ascomycota	Unassigned	Unassigned	Unassigned	Unassigned	Unassigned
OTU_2197	Fungi	Ascomycota	Unassigned	Unassigned	Unassigned	Unassigned	Unassigned
OTU_2171	Fungi	Ascomycota	Unassigned	Unassigned	Unassigned	Unassigned	Unassigned
OTU_2204	Fungi	Ascomycota	Unassigned	Unassigned	Unassigned	Unassigned	Unassigned
OTU_2174	Fungi	Ascomycota	Sordariomycetes	Hypocreales	Hypocreaceae	Trichoderma	Unassigned
OTU_2215	Fungi	Basidiomycota	Agaricomycetes	Unassigned	Unassigned	Unassigned	Unassigned
OTU_2244	Fungi	Ascomycota	Unassigned	Unassigned	Unassigned	Unassigned	Unassigned
OTU_2198	Fungi	Ascomycota	Unassigned	Unassigned	Unassigned	Unassigned	Unassigned
OTU_2225	Fungi	Basidiomycota	Agaricomycetes	Unassigned	Unassigned	Unassigned	Unassigned
OTU_2243	Fungi	Ascomycota	Unassigned	Unassigned	Unassigned	Unassigned	Unassigned
OTU_2184	Fungi	Ascomycota	Leotiomycetes	Helotiales	Myxotrichaceae	Oidiodendron	Unassigned
OTU_2179	Fungi	Basidiomycota	Ustilaginomycetes	Ustilaginales	Ustilaginaceae	Moesziomyces	Moesziomyces_aphidis_SH209530.07FU
OTU_2219	Fungi	Ascomycota	Unassigned	Unassigned	Unassigned	Unassigned	Unassigned
OTU_2201	Fungi	Ascomycota	Sordariomycetes	Hypocreales	Stachybotryaceae	Myrothecium	Unassigned
OTU_2247	Fungi	Ascomycota	Unassigned	Unassigned	Unassigned	Unassigned	Unassigned
OTU_2250	Fungi	Ascomycota	Unassigned	Unassigned	Unassigned	Unassigned	Unassigned
OTU_2255	Fungi	Ascomycota	Unassigned	Unassigned	Unassigned	Unassigned	Unassigned
OTU_2202	Fungi	Ascomycota	Eurotiomycetes	Chaetothyriales	Herpotrichiellaceae	Veronaea	Veronaea_botryosa_SH197645.07FU
OTU_2205	Fungi	Ascomycota	Unassigned	Unassigned	Unassigned	Unassigned	Unassigned
OTU_2192	Fungi	Basidiomycota	Unassigned	Unassigned	Unassigned	Unassigned	Unassigned
OTU_2251	Fungi	Ascomycota	Unassigned	Unassigned	Unassigned	Unassigned	Unassigned
OTU_2245	Fungi	Ascomycota	Unassigned	Unassigned	Unassigned	Unassigned	Unassigned
OTU_2258	Fungi	Ascomycota	Unassigned	Unassigned	Unassigned	Unassigned	Unassigned
OTU_2214	Fungi	Mortierellomycota	Mortierellomycetes	Mortierellales	Mortierellaceae	Mortierella	Unassigned
OTU_2263	Fungi	Ascomycota	Unassigned	Unassigned	Unassigned	Unassigned	Unassigned
OTU_2239	Fungi	Ascomycota	Unassigned	Unassigned	Unassigned	Unassigned	Unassigned
OTU_2220	Fungi	Ascomycota	Sordariomycetes	Unassigned	Unassigned	Unassigned	Unassigned
OTU_2260	Fungi	Ascomycota	Sordariomycetes	Hypocreales	Hypocreaceae	Trichoderma	Unassigned
OTU_2216	Fungi	Ascomycota	Sordariomycetes	Hypocreales	Hypocreales_fam_Incertae_sedis	Stilbella	Unassigned
OTU_2248	Fungi	Ascomycota	Eurotiomycetes	Eurotiales	Trichocomaceae	Thermomyces	Thermomyces_lanuginosus_SH185867.07FU
OTU_2274	Fungi	Ascomycota	Unassigned	Unassigned	Unassigned	Unassigned	Unassigned
OTU_2312	Fungi	Ascomycota	Unassigned	Unassigned	Unassigned	Unassigned	Unassigned
OTU_2270	Fungi	Ascomycota	Unassigned	Unassigned	Unassigned	Unassigned	Unassigned
OTU_2293	Fungi	Ascomycota	Unassigned	Unassigned	Unassigned	Unassigned	Unassigned
OTU_2296	Fungi	Ascomycota	Unassigned	Unassigned	Unassigned	Unassigned	Unassigned
OTU_2311	Fungi	Ascomycota	Unassigned	Unassigned	Unassigned	Unassigned	Unassigned
OTU_2288	Fungi	Ascomycota	Unassigned	Unassigned	Unassigned	Unassigned	Unassigned
OTU_2280	Fungi	Ascomycota	Unassigned	Unassigned	Unassigned	Unassigned	Unassigned
OTU_2317	Fungi	Ascomycota	Unassigned	Unassigned	Unassigned	Unassigned	Unassigned
OTU_2304	Fungi	Chytridiomycota	Unassigned	Unassigned	Unassigned	Unassigned	Unassigned
OTU_2292	Fungi	Ascomycota	Unassigned	Unassigned	Unassigned	Unassigned	Unassigned
OTU_2324	Fungi	Ascomycota	Unassigned	Unassigned	Unassigned	Unassigned	Unassigned
OTU_2319	Fungi	Ascomycota	Unassigned	Unassigned	Unassigned	Unassigned	Unassigned
OTU_2334	Fungi	Ascomycota	Unassigned	Unassigned	Unassigned	Unassigned	Unassigned
OTU_2346	Fungi	Basidiomycota	Agaricomycetes	Unassigned	Unassigned	Unassigned	Unassigned
OTU_2338	Fungi	Ascomycota	Unassigned	Unassigned	Unassigned	Unassigned	Unassigned
OTU_2329	Fungi	Ascomycota	Unassigned	Unassigned	Unassigned	Unassigned	Unassigned
OTU_2339	Fungi	Ascomycota	Unassigned	Unassigned	Unassigned	Unassigned	Unassigned
OTU_2357	Fungi	Ascomycota	Unassigned	Unassigned	Unassigned	Unassigned	Unassigned
OTU_2271	Fungi	Ascomycota	Eurotiomycetes	Eurotiales	Aspergillaceae	Penicillium	Penicillium_dierckxii_SH213972.07FU
OTU_2356	Fungi	Ascomycota	Unassigned	Unassigned	Unassigned	Unassigned	Unassigned
OTU_2365	Fungi	Ascomycota	Unassigned	Unassigned	Unassigned	Unassigned	Unassigned
OTU_2368	Fungi	Ascomycota	Unassigned	Unassigned	Unassigned	Unassigned	Unassigned
OTU_2347	Fungi	Ascomycota	Sordariomycetes	Unassigned	Unassigned	Unassigned	Unassigned
OTU_2372	Fungi	Ascomycota	Unassigned	Unassigned	Unassigned	Unassigned	Unassigned
OTU_2370	Fungi	Ascomycota	Unassigned	Unassigned	Unassigned	Unassigned	Unassigned
OTU_2373	Fungi	Ascomycota	Unassigned	Unassigned	Unassigned	Unassigned	Unassigned
OTU_2386	Fungi	Ascomycota	Unassigned	Unassigned	Unassigned	Unassigned	Unassigned
OTU_2379	Fungi	Ascomycota	Unassigned	Unassigned	Unassigned	Unassigned	Unassigned
OTU_2352	Fungi	Basidiomycota	Cystobasidiomycetes	Cystobasidiomycetes_ord_Incertae_sedis	Cystobasidiomycetes_fam_Incertae_sedis	Symmetrospora	Unassigned
OTU_2392	Fungi	Basidiomycota	Unassigned	Unassigned	Unassigned	Unassigned	Unassigned
OTU_2389	Fungi	Ascomycota	Unassigned	Unassigned	Unassigned	Unassigned	Unassigned
OTU_2387	Fungi	Ascomycota	Unassigned	Unassigned	Unassigned	Unassigned	Unassigned
OTU_2383	Fungi	Ascomycota	Unassigned	Unassigned	Unassigned	Unassigned	Unassigned
OTU_2394	Fungi	Ascomycota	Unassigned	Unassigned	Unassigned	Unassigned	Unassigned
OTU_2361	Fungi	Ascomycota	Unassigned	Unassigned	Unassigned	Unassigned	Unassigned
OTU_2409	Fungi	Ascomycota	Unassigned	Unassigned	Unassigned	Unassigned	Unassigned
OTU_2405	Fungi	Ascomycota	Unassigned	Unassigned	Unassigned	Unassigned	Unassigned
OTU_2406	Fungi	Ascomycota	Unassigned	Unassigned	Unassigned	Unassigned	Unassigned
OTU_2403	Fungi	Ascomycota	Unassigned	Unassigned	Unassigned	Unassigned	Unassigned
OTU_2375	Fungi	Chytridiomycota	Unassigned	Unassigned	Unassigned	Unassigned	Unassigned
OTU_2411	Fungi	Ascomycota	Unassigned	Unassigned	Unassigned	Unassigned	Unassigned
OTU_2395	Fungi	Ascomycota	Unassigned	Unassigned	Unassigned	Unassigned	Unassigned
OTU_2415	Fungi	Ascomycota	Unassigned	Unassigned	Unassigned	Unassigned	Unassigned
OTU_2358	Fungi	Ascomycota	Dothideomycetes	Pleosporales	Pleosporaceae	Unassigned	Unassigned
OTU_2402	Fungi	Ascomycota	Pezizomycetes	Pezizales	Pyronemataceae	Unassigned	Unassigned
OTU_2421	Fungi	Ascomycota	Unassigned	Unassigned	Unassigned	Unassigned	Unassigned
OTU_2391	Fungi	Ascomycota	Sordariomycetes	Hypocreales	Nectriaceae	Acremoniopsis	Acremoniopsis_suttonii_SH540490.07FU
OTU_2438	Fungi	Ascomycota	Unassigned	Unassigned	Unassigned	Unassigned	Unassigned
OTU_2401	Fungi	Ascomycota	Sordariomycetes	Hypocreales	Stachybotryaceae	Unassigned	Unassigned
OTU_2435	Fungi	Ascomycota	Unassigned	Unassigned	Unassigned	Unassigned	Unassigned
OTU_2446	Fungi	Ascomycota	Unassigned	Unassigned	Unassigned	Unassigned	Unassigned
OTU_2462	Fungi	Ascomycota	Unassigned	Unassigned	Unassigned	Unassigned	Unassigned
OTU_2488	Fungi	Ascomycota	Unassigned	Unassigned	Unassigned	Unassigned	Unassigned
OTU_2428	Fungi	Mortierellomycota	Mortierellomycetes	Mortierellales	Mortierellaceae	Mortierella	Unassigned
OTU_2467	Fungi	Ascomycota	Unassigned	Unassigned	Unassigned	Unassigned	Unassigned
OTU_2404	Fungi	Ascomycota	Dothideomycetes	Pleosporales	Torulaceae	Torula	Torula_hollandica_SH212863.07FU
OTU_2497	Fungi	Ascomycota	Unassigned	Unassigned	Unassigned	Unassigned	Unassigned
OTU_2495	Fungi	Ascomycota	Unassigned	Unassigned	Unassigned	Unassigned	Unassigned
OTU_2492	Fungi	Ascomycota	Unassigned	Unassigned	Unassigned	Unassigned	Unassigned
OTU_2437	Fungi	Basidiomycota	Agaricomycetes	Cantharellales	Cantharellales_fam_Incertae_sedis	Minimedusa	Minimedusa_polyspora_SH201128.07FU
OTU_2441	Fungi	Basidiomycota	Agaricomycetes	Agaricales	Unassigned	Unassigned	Unassigned
OTU_2512	Fungi	Ascomycota	Unassigned	Unassigned	Unassigned	Unassigned	Unassigned
OTU_2412	Fungi	Ascomycota	Dothideomycetes	Capnodiales	Cladosporiaceae	Cladosporium	Unassigned
OTU_2511	Fungi	Ascomycota	Unassigned	Unassigned	Unassigned	Unassigned	Unassigned
OTU_2466	Fungi	Basidiomycota	Agaricomycetes	Agaricales	Bolbitiaceae	Bolbitius	Bolbitius_coprophilus_SH179570.07FU
OTU_2513	Fungi	Ascomycota	Unassigned	Unassigned	Unassigned	Unassigned	Unassigned
OTU_2515	Fungi	Ascomycota	Unassigned	Unassigned	Unassigned	Unassigned	Unassigned
OTU_2516	Fungi	Ascomycota	Unassigned	Unassigned	Unassigned	Unassigned	Unassigned
OTU_2526	Fungi	Ascomycota	Unassigned	Unassigned	Unassigned	Unassigned	Unassigned
OTU_2519	Fungi	Ascomycota	Unassigned	Unassigned	Unassigned	Unassigned	Unassigned
OTU_2522	Fungi	Ascomycota	Unassigned	Unassigned	Unassigned	Unassigned	Unassigned
OTU_2499	Fungi	Basidiomycota	Cystobasidiomycetes	Cystobasidiomycetes_ord_Incertae_sedis	Cystobasidiomycetes_fam_Incertae_sedis	Buckleyzyma	Buckleyzyma_aurantiaca_SH207116.07FU
OTU_2527	Fungi	Ascomycota	Unassigned	Unassigned	Unassigned	Unassigned	Unassigned
OTU_2517	Fungi	Ascomycota	Unassigned	Unassigned	Unassigned	Unassigned	Unassigned
OTU_2521	Fungi	Ascomycota	Unassigned	Unassigned	Unassigned	Unassigned	Unassigned
OTU_2525	Fungi	Ascomycota	Unassigned	Unassigned	Unassigned	Unassigned	Unassigned
OTU_2528	Fungi	Ascomycota	Unassigned	Unassigned	Unassigned	Unassigned	Unassigned
OTU_2531	Fungi	Ascomycota	Unassigned	Unassigned	Unassigned	Unassigned	Unassigned
OTU_2502	Fungi	Ascomycota	Dothideomycetes	Pleosporales	Phaeosphaeriaceae	Chaetosphaeronema	Unassigned
OTU_2500	Fungi	Ascomycota	Dothideomycetes	Pleosporales	Unassigned	Unassigned	Unassigned
OTU_2532	Fungi	Ascomycota	Unassigned	Unassigned	Unassigned	Unassigned	Unassigned
OTU_2533	Fungi	Ascomycota	Unassigned	Unassigned	Unassigned	Unassigned	Unassigned
OTU_2556	Fungi	Ascomycota	Unassigned	Unassigned	Unassigned	Unassigned	Unassigned
OTU_2552	Fungi	Ascomycota	Unassigned	Unassigned	Unassigned	Unassigned	Unassigned
OTU_2551	Fungi	Ascomycota	Unassigned	Unassigned	Unassigned	Unassigned	Unassigned
OTU_2529	Fungi	Ascomycota	Orbiliomycetes	Orbiliales	Orbiliaceae	Arthrobotrys	Arthrobotrys_thaumasia_SH221771.07FU
OTU_2554	Fungi	Ascomycota	Unassigned	Unassigned	Unassigned	Unassigned	Unassigned
OTU_2553	Fungi	Ascomycota	Unassigned	Unassigned	Unassigned	Unassigned	Unassigned
OTU_2560	Fungi	Ascomycota	Unassigned	Unassigned	Unassigned	Unassigned	Unassigned
OTU_2558	Fungi	Ascomycota	Unassigned	Unassigned	Unassigned	Unassigned	Unassigned
OTU_2565	Fungi	Ascomycota	Unassigned	Unassigned	Unassigned	Unassigned	Unassigned
OTU_2568	Fungi	Ascomycota	Unassigned	Unassigned	Unassigned	Unassigned	Unassigned
OTU_2562	Fungi	Basidiomycota	Ustilaginomycetes	Ustilaginales	Ustilaginaceae	Unassigned	Unassigned
OTU_2600	Fungi	Ascomycota	Unassigned	Unassigned	Unassigned	Unassigned	Unassigned
OTU_2539	Fungi	Ascomycota	Sordariomycetes	Sordariales	Chaetomiaceae	Humicola	Humicola_grisea_SH374010.07FU
OTU_2578	Fungi	Ascomycota	Sordariomycetes	Hypocreales	Hypocreales_fam_Incertae_sedis	Harzia	Harzia_acremonioides_SH188461.07FU
OTU_2543	Fungi	Ascomycota	Sordariomycetes	Hypocreales	Cordycipitaceae	Simplicillium	Unassigned
OTU_2542	Fungi	Ascomycota	Eurotiomycetes	Eurotiales	Aspergillaceae	Penicillium	Unassigned
OTU_2614	Fungi	Ascomycota	Unassigned	Unassigned	Unassigned	Unassigned	Unassigned
OTU_2563	Fungi	Ascomycota	Eurotiomycetes	Chaetothyriales	Unassigned	Unassigned	Unassigned
OTU_2633	Fungi	Ascomycota	Sordariomycetes	Magnaporthales	Magnaporthaceae	Magnaporthe	Magnaporthe_oryzae_SH493730.07FU
OTU_2579	Fungi	Basidiomycota	Agaricomycetes	Cantharellales	Cantharellales_fam_Incertae_sedis	Minimedusa	Minimedusa_polyspora_SH201128.07FU
OTU_2584	Fungi	Basidiomycota	Agaricomycetes	Unassigned	Unassigned	Unassigned	Unassigned
OTU_2635	Fungi	Ascomycota	Unassigned	Unassigned	Unassigned	Unassigned	Unassigned
OTU_2606	Fungi	Ascomycota	Unassigned	Unassigned	Unassigned	Unassigned	Unassigned
OTU_2628	Fungi	Basidiomycota	Unassigned	Unassigned	Unassigned	Unassigned	Unassigned
OTU_2571	Fungi	Ascomycota	Sordariomycetes	Xylariales	Microdochiaceae	Microdochium	Unassigned
OTU_2642	Fungi	Ascomycota	Unassigned	Unassigned	Unassigned	Unassigned	Unassigned
OTU_2643	Fungi	Ascomycota	Unassigned	Unassigned	Unassigned	Unassigned	Unassigned
OTU_2597	Fungi	Ascomycota	Unassigned	Unassigned	Unassigned	Unassigned	Unassigned
OTU_2662	Fungi	Ascomycota	Unassigned	Unassigned	Unassigned	Unassigned	Unassigned
OTU_2573	Fungi	Ascomycota	Unassigned	Unassigned	Unassigned	Unassigned	Unassigned
OTU_2680	Fungi	Ascomycota	Unassigned	Unassigned	Unassigned	Unassigned	Unassigned
OTU_2666	Fungi	Ascomycota	Unassigned	Unassigned	Unassigned	Unassigned	Unassigned
OTU_2670	Fungi	Ascomycota	Unassigned	Unassigned	Unassigned	Unassigned	Unassigned
OTU_2671	Fungi	Ascomycota	Unassigned	Unassigned	Unassigned	Unassigned	Unassigned
OTU_2537	Fungi	Basidiomycota	Unassigned	Unassigned	Unassigned	Unassigned	Unassigned
OTU_2678	Fungi	Ascomycota	Unassigned	Unassigned	Unassigned	Unassigned	Unassigned
OTU_2684	Fungi	Ascomycota	Unassigned	Unassigned	Unassigned	Unassigned	Unassigned
OTU_2685	Fungi	Ascomycota	Unassigned	Unassigned	Unassigned	Unassigned	Unassigned
OTU_2672	Fungi	Basidiomycota	Unassigned	Unassigned	Unassigned	Unassigned	Unassigned
OTU_2690	Fungi	Ascomycota	Unassigned	Unassigned	Unassigned	Unassigned	Unassigned
OTU_2696	Fungi	Ascomycota	Unassigned	Unassigned	Unassigned	Unassigned	Unassigned
OTU_2709	Fungi	Ascomycota	Unassigned	Unassigned	Unassigned	Unassigned	Unassigned
OTU_2704	Fungi	Ascomycota	Unassigned	Unassigned	Unassigned	Unassigned	Unassigned
OTU_2708	Fungi	Ascomycota	Unassigned	Unassigned	Unassigned	Unassigned	Unassigned
OTU_2700	Fungi	Ascomycota	Unassigned	Unassigned	Unassigned	Unassigned	Unassigned
OTU_2710	Fungi	Ascomycota	Unassigned	Unassigned	Unassigned	Unassigned	Unassigned
OTU_2721	Fungi	Ascomycota	Unassigned	Unassigned	Unassigned	Unassigned	Unassigned
OTU_2725	Fungi	Ascomycota	Unassigned	Unassigned	Unassigned	Unassigned	Unassigned
OTU_2731	Fungi	Basidiomycota	Agaricomycetes	Unassigned	Unassigned	Unassigned	Unassigned
OTU_2719	Fungi	Ascomycota	Unassigned	Unassigned	Unassigned	Unassigned	Unassigned
OTU_2726	Fungi	Ascomycota	Unassigned	Unassigned	Unassigned	Unassigned	Unassigned
OTU_2736	Fungi	Ascomycota	Unassigned	Unassigned	Unassigned	Unassigned	Unassigned
OTU_2744	Fungi	Ascomycota	Unassigned	Unassigned	Unassigned	Unassigned	Unassigned
OTU_2664	Fungi	Basidiomycota	Tremellomycetes	Tremellales	Unassigned	Unassigned	Unassigned
OTU_2734	Fungi	Ascomycota	Unassigned	Unassigned	Unassigned	Unassigned	Unassigned
OTU_2764	Fungi	Ascomycota	Unassigned	Unassigned	Unassigned	Unassigned	Unassigned
OTU_2772	Fungi	Ascomycota	Unassigned	Unassigned	Unassigned	Unassigned	Unassigned
OTU_2752	Fungi	Ascomycota	Unassigned	Unassigned	Unassigned	Unassigned	Unassigned
OTU_2742	Fungi	Ascomycota	Unassigned	Unassigned	Unassigned	Unassigned	Unassigned
OTU_2747	Fungi	Ascomycota	Unassigned	Unassigned	Unassigned	Unassigned	Unassigned
OTU_2774	Fungi	Ascomycota	Unassigned	Unassigned	Unassigned	Unassigned	Unassigned
OTU_2768	Fungi	Ascomycota	Unassigned	Unassigned	Unassigned	Unassigned	Unassigned
OTU_2775	Fungi	Ascomycota	Unassigned	Unassigned	Unassigned	Unassigned	Unassigned
OTU_2779	Fungi	Ascomycota	Unassigned	Unassigned	Unassigned	Unassigned	Unassigned
OTU_2778	Fungi	Ascomycota	Unassigned	Unassigned	Unassigned	Unassigned	Unassigned
OTU_2737	Fungi	Ascomycota	Sordariomycetes	Microascales	Microascaceae	Microascus	Microascus_verrucosus_SH193473.07FU
OTU_2718	Fungi	Ascomycota	Sordariomycetes	Hypocreales	Hypocreales_fam_Incertae_sedis	Harzia	Harzia_cameroonensis_SH188462.07FU
OTU_2712	Fungi	Ascomycota	Eurotiomycetes	Onygenales	Onygenaceae	Auxarthron	Auxarthron_alboluteum_SH195627.07FU
OTU_2791	Fungi	Ascomycota	Unassigned	Unassigned	Unassigned	Unassigned	Unassigned
OTU_2782	Fungi	Ascomycota	Unassigned	Unassigned	Unassigned	Unassigned	Unassigned
OTU_2771	Fungi	Ascomycota	Unassigned	Unassigned	Unassigned	Unassigned	Unassigned
OTU_2799	Fungi	Ascomycota	Unassigned	Unassigned	Unassigned	Unassigned	Unassigned
OTU_2812	Fungi	Ascomycota	Unassigned	Unassigned	Unassigned	Unassigned	Unassigned
OTU_2802	Fungi	Ascomycota	Unassigned	Unassigned	Unassigned	Unassigned	Unassigned
OTU_2797	Fungi	Ascomycota	Unassigned	Unassigned	Unassigned	Unassigned	Unassigned
OTU_2763	Fungi	Ascomycota	Sordariomycetes	Hypocreales	Nectriaceae	Stephanonectria	Stephanonectria_keithii_SH207984.07FU
OTU_2826	Fungi	Ascomycota	Unassigned	Unassigned	Unassigned	Unassigned	Unassigned
OTU_2817	Fungi	Ascomycota	Unassigned	Unassigned	Unassigned	Unassigned	Unassigned
OTU_2821	Fungi	Ascomycota	Unassigned	Unassigned	Unassigned	Unassigned	Unassigned
OTU_2733	Fungi	Ascomycota	Eurotiomycetes	Onygenales	Unassigned	Unassigned	Unassigned
OTU_2788	Fungi	Ascomycota	Pezizomycetes	Pezizales	Pyronemataceae	Unassigned	Unassigned
OTU_2831	Fungi	Ascomycota	Unassigned	Unassigned	Unassigned	Unassigned	Unassigned
OTU_2746	Fungi	Ascomycota	Sordariomycetes	Coniochaetales	Coniochaetaceae	Lecythophora	Unassigned
OTU_2794	Fungi	Rozellomycota	Unassigned	Unassigned	Unassigned	Unassigned	Unassigned
OTU_2827	Fungi	Ascomycota	Unassigned	Unassigned	Unassigned	Unassigned	Unassigned
OTU_2853	Fungi	Ascomycota	Unassigned	Unassigned	Unassigned	Unassigned	Unassigned
OTU_2846	Fungi	Ascomycota	Unassigned	Unassigned	Unassigned	Unassigned	Unassigned
OTU_2850	Fungi	Ascomycota	Unassigned	Unassigned	Unassigned	Unassigned	Unassigned
OTU_2854	Fungi	Ascomycota	Unassigned	Unassigned	Unassigned	Unassigned	Unassigned
OTU_2856	Fungi	Ascomycota	Unassigned	Unassigned	Unassigned	Unassigned	Unassigned
OTU_2796	Fungi	Ascomycota	Eurotiomycetes	Onygenales	Unassigned	Unassigned	Unassigned
OTU_2858	Fungi	Ascomycota	Unassigned	Unassigned	Unassigned	Unassigned	Unassigned
OTU_2863	Fungi	Ascomycota	Unassigned	Unassigned	Unassigned	Unassigned	Unassigned
OTU_2878	Fungi	Ascomycota	Unassigned	Unassigned	Unassigned	Unassigned	Unassigned
OTU_2897	Fungi	Ascomycota	Unassigned	Unassigned	Unassigned	Unassigned	Unassigned
OTU_2866	Fungi	Ascomycota	Unassigned	Unassigned	Unassigned	Unassigned	Unassigned
OTU_2906	Fungi	Ascomycota	Unassigned	Unassigned	Unassigned	Unassigned	Unassigned
OTU_2898	Fungi	Ascomycota	Unassigned	Unassigned	Unassigned	Unassigned	Unassigned
OTU_2870	Fungi	Aphelidiomycota	Aphelidiomycetes	GS16	Unassigned	Unassigned	Unassigned
OTU_2893	Fungi	Ascomycota	Unassigned	Unassigned	Unassigned	Unassigned	Unassigned
OTU_2909	Fungi	Ascomycota	Unassigned	Unassigned	Unassigned	Unassigned	Unassigned
OTU_2910	Fungi	Ascomycota	Unassigned	Unassigned	Unassigned	Unassigned	Unassigned
OTU_2899	Fungi	Ascomycota	Unassigned	Unassigned	Unassigned	Unassigned	Unassigned
OTU_2916	Fungi	Ascomycota	Unassigned	Unassigned	Unassigned	Unassigned	Unassigned
OTU_2911	Fungi	Ascomycota	Unassigned	Unassigned	Unassigned	Unassigned	Unassigned
OTU_2914	Fungi	Ascomycota	Unassigned	Unassigned	Unassigned	Unassigned	Unassigned
OTU_2923	Fungi	Ascomycota	Unassigned	Unassigned	Unassigned	Unassigned	Unassigned
OTU_2869	Fungi	Ascomycota	Pezizomycetes	Pezizales	Pyronemataceae	Unassigned	Unassigned
OTU_2926	Fungi	Ascomycota	Unassigned	Unassigned	Unassigned	Unassigned	Unassigned
OTU_2918	Fungi	Ascomycota	Unassigned	Unassigned	Unassigned	Unassigned	Unassigned
OTU_2943	Fungi	Ascomycota	Unassigned	Unassigned	Unassigned	Unassigned	Unassigned
OTU_2928	Fungi	Ascomycota	Unassigned	Unassigned	Unassigned	Unassigned	Unassigned
OTU_2888	Fungi	Ascomycota	Sordariomycetes	Sordariales	Lasiosphaeriaceae	Unassigned	Unassigned
OTU_2894	Fungi	Ascomycota	Sordariomycetes	Unassigned	Unassigned	Unassigned	Unassigned
OTU_2947	Fungi	Ascomycota	Unassigned	Unassigned	Unassigned	Unassigned	Unassigned
OTU_2930	Fungi	Ascomycota	Unassigned	Unassigned	Unassigned	Unassigned	Unassigned
OTU_2944	Fungi	Kickxellomycota	Kickxellomycetes	Kickxellales	Kickxellaceae	Ramicandelaber	Ramicandelaber_longisporus_SH001832.07FU
OTU_2956	Fungi	Ascomycota	Unassigned	Unassigned	Unassigned	Unassigned	Unassigned
OTU_2950	Fungi	Ascomycota	Unassigned	Unassigned	Unassigned	Unassigned	Unassigned
OTU_2951	Fungi	Ascomycota	Unassigned	Unassigned	Unassigned	Unassigned	Unassigned
OTU_2946	Fungi	Ascomycota	Unassigned	Unassigned	Unassigned	Unassigned	Unassigned
OTU_2952	Fungi	Ascomycota	Unassigned	Unassigned	Unassigned	Unassigned	Unassigned
OTU_2965	Fungi	Ascomycota	Unassigned	Unassigned	Unassigned	Unassigned	Unassigned
OTU_2966	Fungi	Ascomycota	Unassigned	Unassigned	Unassigned	Unassigned	Unassigned
OTU_2959	Fungi	Ascomycota	Unassigned	Unassigned	Unassigned	Unassigned	Unassigned
OTU_2961	Fungi	Ascomycota	Unassigned	Unassigned	Unassigned	Unassigned	Unassigned
OTU_2925	Fungi	Chytridiomycota	Unassigned	Unassigned	Unassigned	Unassigned	Unassigned
OTU_2977	Fungi	Ascomycota	Unassigned	Unassigned	Unassigned	Unassigned	Unassigned
OTU_2942	Fungi	Ascomycota	Sordariomycetes	Hypocreales	Stachybotryaceae	Unassigned	Unassigned
OTU_2994	Fungi	Ascomycota	Unassigned	Unassigned	Unassigned	Unassigned	Unassigned
OTU_3008	Fungi	Ascomycota	Unassigned	Unassigned	Unassigned	Unassigned	Unassigned
OTU_2988	Fungi	Ascomycota	Unassigned	Unassigned	Unassigned	Unassigned	Unassigned
OTU_3002	Fungi	Ascomycota	Unassigned	Unassigned	Unassigned	Unassigned	Unassigned
OTU_2969	Fungi	Ascomycota	Eurotiomycetes	Eurotiomycetes_ord_Incertae_sedis	Eurotiomycetes_fam_Incertae_sedis	Spiromastix	Unassigned
OTU_3006	Fungi	Ascomycota	Unassigned	Unassigned	Unassigned	Unassigned	Unassigned
OTU_2986	Fungi	Ascomycota	Eurotiomycetes	Chaetothyriales	Unassigned	Unassigned	Unassigned
OTU_2985	Fungi	Ascomycota	Unassigned	Unassigned	Unassigned	Unassigned	Unassigned
OTU_2991	Fungi	Basidiomycota	Agaricomycetes	Agaricales	Agaricaceae	Agaricus	Agaricus_placomyces_SH174656.07FU
OTU_3040	Fungi	Ascomycota	Unassigned	Unassigned	Unassigned	Unassigned	Unassigned
OTU_3012	Fungi	Basidiomycota	Agaricomycetes	Unassigned	Unassigned	Unassigned	Unassigned
OTU_2979	Fungi	Basidiomycota	Ustilaginomycetes	Ustilaginales	Ustilaginaceae	Ustilago	Unassigned
OTU_3023	Fungi	Ascomycota	Unassigned	Unassigned	Unassigned	Unassigned	Unassigned
OTU_3013	Fungi	Ascomycota	Unassigned	Unassigned	Unassigned	Unassigned	Unassigned
OTU_3061	Fungi	Ascomycota	Unassigned	Unassigned	Unassigned	Unassigned	Unassigned
OTU_2973	Fungi	Ascomycota	Eurotiomycetes	Onygenales	Onygenaceae	Auxarthron	Auxarthron_zuffianum_SH195629.07FU
OTU_3053	Fungi	Ascomycota	Unassigned	Unassigned	Unassigned	Unassigned	Unassigned
OTU_3067	Fungi	Basidiomycota	Unassigned	Unassigned	Unassigned	Unassigned	Unassigned
OTU_3043	Fungi	Ascomycota	Unassigned	Unassigned	Unassigned	Unassigned	Unassigned
OTU_3045	Fungi	Ascomycota	Unassigned	Unassigned	Unassigned	Unassigned	Unassigned
OTU_3056	Fungi	Basidiomycota	Agaricomycetes	Unassigned	Unassigned	Unassigned	Unassigned
OTU_3054	Fungi	Ascomycota	Unassigned	Unassigned	Unassigned	Unassigned	Unassigned
OTU_3093	Fungi	Ascomycota	Unassigned	Unassigned	Unassigned	Unassigned	Unassigned
OTU_3077	Fungi	Ascomycota	Unassigned	Unassigned	Unassigned	Unassigned	Unassigned
OTU_3010	Fungi	Ascomycota	Eurotiomycetes	Eurotiales	Aspergillaceae	Aspergillus	Aspergillus_clavatus_SH181694.07FU
OTU_3016	Fungi	Basidiomycota	Agaricomycetes	Agaricales	Entolomataceae	Clitopilus	Clitopilus_hobsonii_SH190268.07FU
OTU_3083	Fungi	Ascomycota	Unassigned	Unassigned	Unassigned	Unassigned	Unassigned
OTU_3090	Fungi	Basidiomycota	Unassigned	Unassigned	Unassigned	Unassigned	Unassigned
OTU_3004	Fungi	Glomeromycota	Glomeromycetes	Glomerales	Glomeraceae	Unassigned	Unassigned
OTU_3094	Fungi	Ascomycota	Unassigned	Unassigned	Unassigned	Unassigned	Unassigned
OTU_3098	Fungi	Ascomycota	Unassigned	Unassigned	Unassigned	Unassigned	Unassigned
OTU_3019	Fungi	Basidiomycota	Agaricomycetes	Agaricales	Pluteaceae	Pluteus	Pluteus_cinereofuscus_SH191724.07FU
OTU_3095	Fungi	Ascomycota	Unassigned	Unassigned	Unassigned	Unassigned	Unassigned
OTU_3108	Fungi	Basidiomycota	Agaricomycetes	Unassigned	Unassigned	Unassigned	Unassigned
OTU_3126	Fungi	Ascomycota	Unassigned	Unassigned	Unassigned	Unassigned	Unassigned
OTU_3102	Fungi	Basidiomycota	Agaricomycetes	Unassigned	Unassigned	Unassigned	Unassigned
OTU_3125	Fungi	Ascomycota	Unassigned	Unassigned	Unassigned	Unassigned	Unassigned
OTU_3129	Fungi	Ascomycota	Unassigned	Unassigned	Unassigned	Unassigned	Unassigned
OTU_3111	Fungi	Ascomycota	Unassigned	Unassigned	Unassigned	Unassigned	Unassigned
OTU_3156	Fungi	Ascomycota	Unassigned	Unassigned	Unassigned	Unassigned	Unassigned
OTU_3151	Fungi	Basidiomycota	Agaricomycetes	Unassigned	Unassigned	Unassigned	Unassigned
OTU_3148	Fungi	Ascomycota	Unassigned	Unassigned	Unassigned	Unassigned	Unassigned
OTU_3139	Fungi	Ascomycota	Unassigned	Unassigned	Unassigned	Unassigned	Unassigned
OTU_3159	Fungi	Ascomycota	Unassigned	Unassigned	Unassigned	Unassigned	Unassigned
OTU_3160	Fungi	Ascomycota	Unassigned	Unassigned	Unassigned	Unassigned	Unassigned
OTU_3163	Fungi	Ascomycota	Unassigned	Unassigned	Unassigned	Unassigned	Unassigned
OTU_3158	Fungi	Ascomycota	Unassigned	Unassigned	Unassigned	Unassigned	Unassigned
OTU_3110	Fungi	Basidiomycota	Microbotryomycetes	Sporidiobolales	Sporidiobolaceae	Sporobolomyces	Sporobolomyces_roseus_SH194973.07FU
OTU_3164	Fungi	Ascomycota	Unassigned	Unassigned	Unassigned	Unassigned	Unassigned
OTU_3144	Fungi	Chytridiomycota	Unassigned	Unassigned	Unassigned	Unassigned	Unassigned
OTU_3035	Fungi	Basidiomycota	Microbotryomycetes	Sporidiobolales	Sporidiobolaceae	Rhodotorula	Rhodotorula_paludigena_SH216365.07FU
OTU_3149	Fungi	Ascomycota	Sordariomycetes	Hypocreales	Cordycipitaceae	Lecanicillium	Unassigned
OTU_3165	Fungi	Ascomycota	Unassigned	Unassigned	Unassigned	Unassigned	Unassigned
